Paper,Experiment_type,Test_number,Statistics,Total_Factors,Factor,Total_Levels_per_Factor,Level,dfn,dferror,n,data_type,factor_name,level_name,omega_squared,eta_squared,F_value,p_value,sd_btw_lvls,Unit,CV_sd_btw_lvls,taxa,Dependent,Comments,Additional_INFO
0013_ACR_ZANG_2020,Lab,1,ANOVA,1,1,2,1,1,15,15,categorical,Dummy_Type,Wide-Barred,-2.27E-02,3.99E-02,6.23E-01,4.43E-01,1.02E+00,cm,2.98E-01,Tropheus_sp,Charge_Display,"Sort of used an additional factor sex, but just did two different tests",Female
0013_ACR_ZANG_2020,Lab,1,ANOVA,1,1,2,2,1,15,15,categorical,Dummy_Type,Narrow-Barred,-2.27E-02,3.99E-02,6.23E-01,4.43E-01,1.02E+00,cm,2.98E-01,Tropheus_sp,Charge_Display,,Female
0013_ACR_ZANG_2020,Lab,2,ANOVA,1,1,2,1,1,16,16,categorical,Dummy_Type,Wide-Barred,1.92E-01,2.48E-01,5.27E+00,3.70E-02,1.02E+00,cm,2.98E-01,Tropheus_sp,Charge_Display,,Male
0013_ACR_ZANG_2020,Lab,2,ANOVA,1,1,2,2,1,16,16,categorical,Dummy_Type,Narrow-Barred,1.92E-01,2.48E-01,5.27E+00,3.70E-02,1.02E+00,cm,2.98E-01,Tropheus_sp,Charge_Display,,Male
0013_ACR_ZANG_2020,Lab,3,ANOVA,1,1,2,1,1,14,14,categorical,Dummy_Type,Wide-Barred,-5.00E-02,1.67E-02,2.38E-01,6.33E-01,1.02E+00,cm,2.98E-01,Tropheus_sp,Latency_Intrusion,,Female
0013_ACR_ZANG_2020,Lab,3,ANOVA,1,1,2,2,1,14,14,categorical,Dummy_Type,Narrow-Barred,-5.00E-02,1.67E-02,2.38E-01,6.33E-01,1.02E+00,cm,2.98E-01,Tropheus_sp,Latency_Intrusion,,Female
0013_ACR_ZANG_2020,Lab,4,ANOVA,1,1,2,1,1,14,14,categorical,Dummy_Type,Wide-Barred,1.75E-03,6.84E-02,1.03E+00,3.28E-01,1.02E+00,cm,2.98E-01,Tropheus_sp,Latency_Intrusion,,Male
0013_ACR_ZANG_2020,Lab,4,ANOVA,1,1,2,2,1,14,14,categorical,Dummy_Type,Narrow-Barred,1.75E-03,6.84E-02,1.03E+00,3.28E-01,1.02E+00,cm,2.98E-01,Tropheus_sp,Latency_Intrusion,,Male
0017_GBB_JULB_2020,Lab,5,ANOVA,2,2,5,1,4,9,14,categorical,Age,0,8.40E-01,8.96E-01,1.94E+01,1.00E-03,1.11E+01,days,7.91E-01,Astatotilapia_Burtoni,%Mortality,,
0017_GBB_JULB_2020,Lab,5,ANOVA,2,2,5,2,4,9,14,categorical,Age,7,8.40E-01,8.96E-01,1.94E+01,1.00E-03,1.11E+01,days,7.91E-01,Astatotilapia_Burtoni,%Mortality,,
0017_GBB_JULB_2020,Lab,5,ANOVA,2,2,5,3,4,9,14,categorical,Age,14,8.40E-01,8.96E-01,1.94E+01,1.00E-03,1.11E+01,days,7.91E-01,Astatotilapia_Burtoni,%Mortality,,
0017_GBB_JULB_2020,Lab,5,ANOVA,2,2,5,4,4,9,14,categorical,Age,21,8.40E-01,8.96E-01,1.94E+01,1.00E-03,1.11E+01,days,7.91E-01,Astatotilapia_Burtoni,%Mortality,,
0017_GBB_JULB_2020,Lab,5,ANOVA,2,2,5,5,4,9,14,categorical,Age,28,8.40E-01,8.96E-01,1.94E+01,1.00E-03,1.11E+01,days,7.91E-01,Astatotilapia_Burtoni,%Mortality,,
0017_GBB_JULB_2020,Lab,6,ANOVA,2,2,5,1,4,9,14,categorical,Age,0,5.92E-01,7.30E-01,6.08E+00,1.10E-02,1.11E+01,days,7.91E-01,Astatotilapia_Burtoni,Condition_Factor,,
0017_GBB_JULB_2020,Lab,6,ANOVA,2,2,5,2,4,9,14,categorical,Age,7,5.92E-01,7.30E-01,6.08E+00,1.10E-02,1.11E+01,days,7.91E-01,Astatotilapia_Burtoni,Condition_Factor,,
0017_GBB_JULB_2020,Lab,6,ANOVA,2,2,5,3,4,9,14,categorical,Age,14,5.92E-01,7.30E-01,6.08E+00,1.10E-02,1.11E+01,days,7.91E-01,Astatotilapia_Burtoni,Condition_Factor,,
0017_GBB_JULB_2020,Lab,6,ANOVA,2,2,5,4,4,9,14,categorical,Age,21,5.92E-01,7.30E-01,6.08E+00,1.10E-02,1.11E+01,days,7.91E-01,Astatotilapia_Burtoni,Condition_Factor,,
0017_GBB_JULB_2020,Lab,6,ANOVA,2,2,5,5,4,9,14,categorical,Age,28,5.92E-01,7.30E-01,6.08E+00,1.10E-02,1.11E+01,days,7.91E-01,Astatotilapia_Burtoni,Condition_Factor,,
0017_GBB_JULB_2020,Lab,7,ANOVA,2,2,5,1,4,9,14,categorical,Age,0,-3.99E-01,8.88E-04,2.00E-03,9.64E-01,1.11E+01,days,7.91E-01,Astatotilapia_Burtoni,Freezing_Time,,
0017_GBB_JULB_2020,Lab,7,ANOVA,2,2,5,2,4,9,14,categorical,Age,7,-3.99E-01,8.88E-04,2.00E-03,9.64E-01,1.11E+01,days,7.91E-01,Astatotilapia_Burtoni,Freezing_Time,,
0017_GBB_JULB_2020,Lab,7,ANOVA,2,2,5,3,4,9,14,categorical,Age,14,-3.99E-01,8.88E-04,2.00E-03,9.64E-01,1.11E+01,days,7.91E-01,Astatotilapia_Burtoni,Freezing_Time,,
0017_GBB_JULB_2020,Lab,7,ANOVA,2,2,5,4,4,9,14,categorical,Age,21,-3.99E-01,8.88E-04,2.00E-03,9.64E-01,1.11E+01,days,7.91E-01,Astatotilapia_Burtoni,Freezing_Time,,
0017_GBB_JULB_2020,Lab,7,ANOVA,2,2,5,5,4,9,14,categorical,Age,28,-3.99E-01,8.88E-04,2.00E-03,9.64E-01,1.11E+01,days,7.91E-01,Astatotilapia_Burtoni,Freezing_Time,,
0017_GBB_JULB_2020,Lab,8,ANOVA,2,2,5,1,4,9,14,categorical,Age,0,6.21E-01,7.49E-01,6.73E+00,2.70E-02,1.11E+01,days,7.91E-01,Astatotilapia_Burtoni,Shoaling_Density,,
0017_GBB_JULB_2020,Lab,8,ANOVA,2,2,5,2,4,9,14,categorical,Age,7,6.21E-01,7.49E-01,6.73E+00,2.70E-02,1.11E+01,days,7.91E-01,Astatotilapia_Burtoni,Shoaling_Density,,
0017_GBB_JULB_2020,Lab,8,ANOVA,2,2,5,3,4,9,14,categorical,Age,14,6.21E-01,7.49E-01,6.73E+00,2.70E-02,1.11E+01,days,7.91E-01,Astatotilapia_Burtoni,Shoaling_Density,,
0017_GBB_JULB_2020,Lab,8,ANOVA,2,2,5,4,4,9,14,categorical,Age,21,6.21E-01,7.49E-01,6.73E+00,2.70E-02,1.11E+01,days,7.91E-01,Astatotilapia_Burtoni,Shoaling_Density,,
0017_GBB_JULB_2020,Lab,8,ANOVA,2,2,5,5,4,9,14,categorical,Age,28,6.21E-01,7.49E-01,6.73E+00,2.70E-02,1.11E+01,days,7.91E-01,Astatotilapia_Burtoni,Shoaling_Density,,
0024_N_SALE_2021,Lab,9,Regression,1,1,4,1,1,166,84,categorical,MPH_dose,Control,4.68E-03,1.07E-02,1.79E+00,1.80E-01,1.77E-08,g/ml,1.41E+00,Poecilia_Reticulata,CA1,"n needs to be corrected, currently shows total and not per level",
0024_N_SALE_2021,Lab,9,Regression,1,1,4,2,1,166,84,categorical,MPH_dose,MPH_dose,4.68E-03,1.07E-02,1.79E+00,1.80E-01,1.77E-08,g/ml,1.41E+00,Poecilia_Reticulata,CA1,,
0024_N_SALE_2021,Lab,10,Regression,1,1,4,3,1,168,85,categorical,MPH_dose,Control,-5.86E-03,5.95E-05,1.00E-02,9.40E-01,1.77E-08,g/ml,1.41E+00,Poecilia_Reticulata,CA2,,
0024_N_SALE_2021,Lab,10,Regression,1,1,4,4,1,168,85,categorical,MPH_dose,MPH_dose,-5.86E-03,5.95E-05,1.00E-02,9.40E-01,1.77E-08,g/ml,1.41E+00,Poecilia_Reticulata,CA2,,
0027_BBR_SALE_2021,Lab,11,Regression,1,1,2,1,1,79.3,40,categorical,MPH_dose,Control,4.91E-02,6.15E-02,5.20E+00,3.00E-02,1.77E-08,g/ml,1.41E+00,Poecilia_Reticulata,Female_interest,,
0027_BBR_SALE_2021,Lab,11,Regression,1,1,2,2,1,79.3,40,categorical,MPH_dose,MPH_dose,4.91E-02,6.15E-02,5.20E+00,3.00E-02,1.77E-08,g/ml,1.41E+00,Poecilia_Reticulata,Female_interest,,
0028_PTB_GALE_2020,Lab,12,Regression,1,1,2,1,1,37,19,categorical,Days,Begin,3.80E-02,6.43E-02,2.54E+00,1.90E-01,4.24E+00,days,8.49E-01,Poecilia_Reticulata,Female_shoaling,"n needs to be corrected, currently shows total and not per level",
0028_PTB_GALE_2020,Lab,12,Regression,1,1,2,2,1,37,19,categorical,Days,End,3.80E-02,6.43E-02,2.54E+00,1.90E-01,4.24E+00,days,8.49E-01,Poecilia_Reticulata,Female_shoaling,Feels like they aren't reporting some data,
0037_PBZ_McLAU_2019,Lab,13,ANOVA,2,1,2,1,1,67.2,33,categorical,temperature,cool,8.99E-01,9.01E-01,6.15E+02,1.00E-03,5.57E+00,degrees_Celsius,2.23E-01,Pseudocrenilabrus_multicolor,CTMAX,Need to manually calculate p,
0037_PBZ_McLAU_2019,Lab,13,ANOVA,2,1,2,2,1,67.2,40,categorical,temperature,warm,8.99E-01,9.01E-01,6.15E+02,1.00E-03,5.57E+00,degrees_Celsius,2.23E-01,Pseudocrenilabrus_multicolor,CTMAX,need to look how we define n,
0037_PBZ_McLAU_2019,Lab,14,ANOVA,2,2,2,1,1,67.2,37,categorical,Oxygen,normoxia,-1.02E-02,4.44E-03,3.00E-01,5.92E-01,5.79E+01,Percent_Oxygen,1.06E+00,Pseudocrenilabrus_multicolor,CTMAX,,
0037_PBZ_McLAU_2019,Lab,14,ANOVA,2,2,2,2,1,67.2,36,categorical,Oxygen,hypoxia,-1.02E-02,4.44E-03,3.00E-01,5.92E-01,5.79E+01,Percent_Oxygen,1.06E+00,Pseudocrenilabrus_multicolor,CTMAX,,
0037_PBZ_McLAU_2019,Lab,15,ANOVA,2,1,2,1,1,66.6,33,categorical,temperature,cool,3.15E-01,3.29E-01,3.26E+01,1.00E-03,5.58E+00,degrees_Celsius,2.22E-01,Pseudocrenilabrus_multicolor,Thermal_Agitation,,
0037_PBZ_McLAU_2019,Lab,15,ANOVA,2,1,2,2,1,66.6,40,categorical,temperature,warm,3.15E-01,3.29E-01,3.26E+01,1.00E-03,5.58E+00,degrees_Celsius,2.22E-01,Pseudocrenilabrus_multicolor,Thermal_Agitation,,
0037_PBZ_McLAU_2019,Lab,16,ANOVA,2,2,2,1,1,69.6,37,categorical,Oxygen,normoxia,4.68E-01,4.79E-01,6.39E+01,1.00E-03,5.72E+01,Percent_Oxygen,1.04E+00,Pseudocrenilabrus_multicolor,Thermal_Agitation,,
0037_PBZ_McLAU_2019,Lab,16,ANOVA,2,2,2,2,1,69.6,36,categorical,Oxygen,hypoxia,4.68E-01,4.79E-01,6.39E+01,1.00E-03,5.72E+01,Percent_Oxygen,1.04E+00,Pseudocrenilabrus_multicolor,Thermal_Agitation,,
0037_PBZ_McLAU_2019,Lab,17,ANOVA,2,1,2,1,1,62,33,categorical,temperature,cool,3.48E-01,3.62E-01,3.52E+01,1.00E-03,5.58E+00,degrees_Celsius,2.22E-01,Pseudocrenilabrus_multicolor,Thermal_Agitation_Window,,
0037_PBZ_McLAU_2019,Lab,17,ANOVA,2,1,2,2,1,62,40,categorical,temperature,warm,3.48E-01,3.62E-01,3.52E+01,1.00E-03,5.58E+00,degrees_Celsius,2.22E-01,Pseudocrenilabrus_multicolor,Thermal_Agitation_Window,,
0037_PBZ_McLAU_2019,Lab,18,ANOVA,2,2,2,1,1,62,37,categorical,Oxygen,normoxia,3.80E-01,3.94E-01,4.03E+01,1.00E-03,5.72E+01,Percent_Oxygen,1.04E+00,Pseudocrenilabrus_multicolor,Thermal_Agitation_Window,,
0037_PBZ_McLAU_2019,Lab,18,ANOVA,2,2,2,2,1,62,36,categorical,Oxygen,hypoxia,3.80E-01,3.94E-01,4.03E+01,1.00E-03,5.72E+01,Percent_Oxygen,1.04E+00,Pseudocrenilabrus_multicolor,Thermal_Agitation_Window,,
0037_PBZ_McLAU_2019,Lab,19,ANOVA,2,1,2,1,1,67.2,33,categorical,temperature,cool,2.83E-01,2.96E-01,2.83E+01,1.00E-03,5.58E+00,degrees_Celsius,2.22E-01,Pseudocrenilabrus_multicolor,Growth_Length,,
0037_PBZ_McLAU_2019,Lab,19,ANOVA,2,1,2,2,1,67.2,40,categorical,temperature,warm,2.83E-01,2.96E-01,2.83E+01,1.00E-03,5.58E+00,degrees_Celsius,2.22E-01,Pseudocrenilabrus_multicolor,Growth_Length,,
0037_PBZ_McLAU_2019,Lab,21,ANOVA,2,1,2,1,1,67,33,categorical,temperature,cool,8.49E-02,9.95E-02,7.40E+00,9.00E-03,5.58E+00,degrees_Celsius,2.22E-01,Pseudocrenilabrus_multicolor,Condition_Factor,,
0037_PBZ_McLAU_2019,Lab,21,ANOVA,2,1,2,2,1,67,40,categorical,temperature,warm,8.49E-02,9.95E-02,7.40E+00,9.00E-03,5.58E+00,degrees_Celsius,2.22E-01,Pseudocrenilabrus_multicolor,Condition_Factor,,
0037_PBZ_McLAU_2019,Lab,23,ANOVA,2,1,2,1,1,16,33,categorical,temperature,cool,3.02E-01,3.55E-01,8.80E+00,9.00E-03,5.58E+00,degrees_Celsius,2.22E-01,Pseudocrenilabrus_multicolor,,,
0037_PBZ_McLAU_2019,Lab,23,ANOVA,2,1,2,2,1,16,40,categorical,temperature,warm,3.02E-01,3.55E-01,8.80E+00,9.00E-03,5.58E+00,degrees_Celsius,2.22E-01,Pseudocrenilabrus_multicolor,,,
0037_PBZ_McLAU_2019,Lab,25,ANOVA,2,1,2,1,1,16,33,categorical,temperature,cool,5.80E-01,6.18E-01,2.59E+01,1.00E-03,5.58E+00,degrees_Celsius,2.22E-01,Pseudocrenilabrus_multicolor,,,
0037_PBZ_McLAU_2019,Lab,25,ANOVA,2,1,2,2,1,16,40,categorical,temperature,warm,5.80E-01,6.18E-01,2.59E+01,1.00E-03,5.58E+00,degrees_Celsius,2.22E-01,Pseudocrenilabrus_multicolor,,,
0037_PBZ_McLAU_2019,Lab,26,ANOVA,2,2,2,1,1,16,37,categorical,Oxygen,normoxia,2.14E-01,2.69E-01,5.90E+00,2.80E-02,5.72E+01,Percent_Oxygen,1.04E+00,Pseudocrenilabrus_multicolor,Agressiveness,,
0037_PBZ_McLAU_2019,Lab,26,ANOVA,2,2,2,2,1,16,36,categorical,Oxygen,hypoxia,2.14E-01,2.69E-01,5.90E+00,2.80E-02,5.72E+01,Percent_Oxygen,1.04E+00,Pseudocrenilabrus_multicolor,Agressiveness,,
0038_HB_STES_2019,Lab,27,ANOVA,2,1,2,1,1,35,28,categorical,Social_Environment,paired,4.86E-01,5.07E-01,3.60E+01,7.25E-07,9.90E+00,Number_Individuals_per_group,1.10E+00,Astatotilapia_Burtoni,Agressiveness,,
0038_HB_STES_2019,Lab,27,ANOVA,2,1,2,2,1,35,24,categorical,Social_Environment,grouped,4.86E-01,5.07E-01,3.60E+01,7.25E-07,9.90E+00,Number_Individuals_per_group,1.10E+00,Astatotilapia_Burtoni,Agressiveness,,
0038_HB_STES_2019,Lab,28,ANOVA,2,1,2,1,1,36,18,categorical,Social_Environment,paired,1.78E-02,4.48E-02,1.69E+00,2.00E-01,9.90E+00,Number_Individuals_per_group,1.10E+00,Astatotilapia_Burtoni,Length,,
0038_HB_STES_2019,Lab,28,ANOVA,2,1,2,2,1,36,24,categorical,Social_Environment,grouped,1.78E-02,4.48E-02,1.69E+00,2.00E-01,9.90E+00,Number_Individuals_per_group,1.10E+00,Astatotilapia_Burtoni,Length,,
0038_HB_STES_2019,Lab,29,ANOVA,2,1,2,1,1,36,18,categorical,Social_Environment,paired,4.23E-02,6.93E-02,2.68E+00,1.10E-01,9.90E+00,Number_Individuals_per_group,1.10E+00,Astatotilapia_Burtoni,Entering_Investigate_zone,,
0038_HB_STES_2019,Lab,29,ANOVA,2,1,2,2,1,36,24,categorical,Social_Environment,grouped,4.23E-02,6.93E-02,2.68E+00,1.10E-01,9.90E+00,Number_Individuals_per_group,1.10E+00,Astatotilapia_Burtoni,Entering_Investigate_zone,,
0038_HB_STES_2019,Lab,30,ANOVA,2,1,2,1,1,35,18,categorical,Social_Environment,paired,8.57E-02,1.13E-01,4.47E+00,4.20E-02,9.90E+00,Number_Individuals_per_group,1.10E+00,Astatotilapia_Burtoni,Entering_far_zone,,
0038_HB_STES_2019,Lab,30,ANOVA,2,1,2,2,1,35,24,categorical,Social_Environment,grouped,8.57E-02,1.13E-01,4.47E+00,4.20E-02,9.90E+00,Number_Individuals_per_group,1.10E+00,Astatotilapia_Burtoni,Entering_far_zone,,
0038_HB_STES_2019,Lab,31,ANOVA,2,1,3,1,2,42,8,categorical,Social_Environment,isolate,5.18E-02,9.60E-02,2.23E+00,1.20E-01,8.39E+00,Number_Individuals_per_group,1.32E+00,Astatotilapia_Burtoni,Entering_close_zone,,
0038_HB_STES_2019,Lab,31,ANOVA,2,1,3,2,2,42,36,categorical,Social_Environment,paired,5.18E-02,9.60E-02,2.23E+00,1.20E-01,8.39E+00,Number_Individuals_per_group,1.32E+00,Astatotilapia_Burtoni,Entering_close_zone,,
0038_HB_STES_2019,Lab,31,ANOVA,2,1,3,3,2,42,44,categorical,Social_Environment,grouped,5.18E-02,9.60E-02,2.23E+00,1.20E-01,8.39E+00,Number_Individuals_per_group,1.32E+00,Astatotilapia_Burtoni,ar?,,
0038_HB_STES_2019,Lab,32,ANOVA,2,2,2,1,1,42,88,categorical,Time_Treatment,1_week,1.35E-01,1.58E-01,7.89E+00,7.50E-03,2.83E+00,Number_Individuals_per_group,9.43E-01,Astatotilapia_Burtoni,ar?,,
0038_HB_STES_2019,Lab,32,ANOVA,2,2,2,2,1,42,88,categorical,Time_Treatment,5_week,1.35E-01,1.58E-01,7.89E+00,7.50E-03,2.83E+00,Number_Individuals_per_group,9.43E-01,Astatotilapia_Burtoni,ar?,,
0038_HB_STES_2019,Lab,33,ANOVA,2,1,3,1,2,42,8,categorical,Social_Environment,isolate,-1.21E-02,3.36E-02,7.30E-01,4.90E-01,8.39E+00,Number_Individuals_per_group,1.32E+00,Astatotilapia_Burtoni,ar?,,
0038_HB_STES_2019,Lab,33,ANOVA,2,1,3,2,2,42,36,categorical,Social_Environment,paired,-1.21E-02,3.36E-02,7.30E-01,4.90E-01,8.39E+00,Number_Individuals_per_group,1.32E+00,Astatotilapia_Burtoni,ar?,,
0038_HB_STES_2019,Lab,33,ANOVA,2,1,3,3,2,42,44,categorical,Social_Environment,grouped,-1.21E-02,3.36E-02,7.30E-01,4.90E-01,8.39E+00,Number_Individuals_per_group,1.32E+00,Astatotilapia_Burtoni,er?,,
0038_HB_STES_2019,Lab,34,ANOVA,2,2,2,1,1,42,88,categorical,Time_Treatment,1_week,-6.63E-03,1.66E-02,7.10E-01,4.10E-01,2.83E+00,Number_Individuals_per_group,9.43E-01,Astatotilapia_Burtoni,er?,,
0038_HB_STES_2019,Lab,34,ANOVA,2,2,2,2,1,42,88,categorical,Time_Treatment,5_week,-6.63E-03,1.66E-02,7.10E-01,4.10E-01,2.83E+00,Number_Individuals_per_group,9.43E-01,Astatotilapia_Burtoni,er?,,
0038_HB_STES_2019,Lab,35,ANOVA,2,2,2,1,1,42,88,categorical,Time_Treatment,1_week,9.78E-02,1.21E-01,5.77E+00,2.10E-02,2.83E+00,Number_Individuals_per_group,9.43E-01,Astatotilapia_Burtoni,er?,,
0038_HB_STES_2019,Lab,35,ANOVA,2,2,2,2,1,42,88,categorical,Time_Treatment,5_week,9.78E-02,1.21E-01,5.77E+00,2.10E-02,2.83E+00,Number_Individuals_per_group,9.43E-01,Astatotilapia_Burtoni,er?,,
0038_HB_STES_2019,Lab,36,ANOVA,2,1,3,1,2,42,8,categorical,Social_Environment,isolate,3.38E-01,3.73E-01,1.25E+01,5.63E-05,8.39E+00,Number_Individuals_per_group,1.32E+00,Astatotilapia_Burtoni,crfb,,
0038_HB_STES_2019,Lab,36,ANOVA,2,1,3,2,2,42,36,categorical,Social_Environment,paired,3.38E-01,3.73E-01,1.25E+01,5.63E-05,8.39E+00,Number_Individuals_per_group,1.32E+00,Astatotilapia_Burtoni,crfb,,
0038_HB_STES_2019,Lab,36,ANOVA,2,1,3,3,2,42,44,categorical,Social_Environment,grouped,3.38E-01,3.73E-01,1.25E+01,5.63E-05,8.39E+00,Number_Individuals_per_group,1.32E+00,Astatotilapia_Burtoni,gr1a,,
0038_HB_STES_2019,Lab,37,ANOVA,2,2,2,1,1,42,88,categorical,Time_Treatment,1_week,6.58E-02,8.89E-02,4.10E+00,4.90E-02,2.83E+00,Number_Individuals_per_group,9.43E-01,Astatotilapia_Burtoni,gr1a,,
0038_HB_STES_2019,Lab,37,ANOVA,2,2,2,2,1,42,88,categorical,Time_Treatment,5_week,6.58E-02,8.89E-02,4.10E+00,4.90E-02,2.83E+00,Number_Individuals_per_group,9.43E-01,Astatotilapia_Burtoni,gr1a,,
0038_HB_STES_2019,Lab,38,ANOVA,2,1,3,1,2,42,8,categorical,Social_Environment,isolate,9.64E-02,1.39E-01,3.40E+00,2.60E-02,8.39E+00,Number_Individuals_per_group,1.32E+00,Astatotilapia_Burtoni,gr2,,
0038_HB_STES_2019,Lab,38,ANOVA,2,1,3,2,2,42,36,categorical,Social_Environment,paired,9.64E-02,1.39E-01,3.40E+00,2.60E-02,8.39E+00,Number_Individuals_per_group,1.32E+00,Astatotilapia_Burtoni,gr2,,
0038_HB_STES_2019,Lab,38,ANOVA,2,1,3,3,2,42,44,categorical,Social_Environment,grouped,9.64E-02,1.39E-01,3.40E+00,2.60E-02,8.39E+00,Number_Individuals_per_group,1.32E+00,Astatotilapia_Burtoni,gr2,,
0038_HB_STES_2019,Lab,39,ANOVA,2,2,2,1,1,42,88,categorical,Time_Treatment,1_week,2.91E-02,5.23E-02,2.32E+00,1.40E-01,2.83E+00,Number_Individuals_per_group,9.43E-01,Astatotilapia_Burtoni,gr2,,
0038_HB_STES_2019,Lab,39,ANOVA,2,2,2,2,1,42,88,categorical,Time_Treatment,5_week,2.91E-02,5.23E-02,2.32E+00,1.40E-01,2.83E+00,Number_Individuals_per_group,9.43E-01,Astatotilapia_Burtoni,gr2,,
0038_HB_STES_2019,Lab,40,ANOVA,2,1,3,1,2,42,8,categorical,Social_Environment,isolate,6.05E-02,1.04E-01,2.45E+00,9.90E-02,8.39E+00,Number_Individuals_per_group,1.32E+00,Astatotilapia_Burtoni,gr1a,,
0038_HB_STES_2019,Lab,40,ANOVA,2,1,3,2,2,42,36,categorical,Social_Environment,paired,6.05E-02,1.04E-01,2.45E+00,9.90E-02,8.39E+00,Number_Individuals_per_group,1.32E+00,Astatotilapia_Burtoni,gr1a,,
0038_HB_STES_2019,Lab,40,ANOVA,2,1,3,3,2,42,44,categorical,Social_Environment,grouped,6.05E-02,1.04E-01,2.45E+00,9.90E-02,8.39E+00,Number_Individuals_per_group,1.32E+00,Astatotilapia_Burtoni,crfb,,
0038_HB_STES_2019,Lab,41,ANOVA,2,2,2,1,1,42,88,categorical,Time_Treatment,1_week,-2.30E-02,2.38E-04,1.00E-02,9.20E-01,2.83E+00,Number_Individuals_per_group,9.43E-01,Astatotilapia_Burtoni,crfb,,
0038_HB_STES_2019,Lab,41,ANOVA,2,2,2,2,1,42,88,categorical,Time_Treatment,5_week,-2.30E-02,2.38E-04,1.00E-02,9.20E-01,2.83E+00,Number_Individuals_per_group,9.43E-01,Astatotilapia_Burtoni,crfb,,
0038_HB_STES_2019,Lab,42,ANOVA,2,1,3,1,2,42,8,categorical,Social_Environment,isolate,-1.35E-02,3.23E-02,7.00E-01,5.00E-01,8.39E+00,Number_Individuals_per_group,1.32E+00,Astatotilapia_Burtoni,gr1b,,
0038_HB_STES_2019,Lab,42,ANOVA,2,1,3,2,2,42,36,categorical,Social_Environment,paired,-1.35E-02,3.23E-02,7.00E-01,5.00E-01,8.39E+00,Number_Individuals_per_group,1.32E+00,Astatotilapia_Burtoni,gr1b,,
0038_HB_STES_2019,Lab,42,ANOVA,2,1,3,3,2,42,44,categorical,Social_Environment,grouped,-1.35E-02,3.23E-02,7.00E-01,5.00E-01,8.39E+00,Number_Individuals_per_group,1.32E+00,Astatotilapia_Burtoni,gr1b,,
0038_HB_STES_2019,Lab,43,ANOVA,2,2,2,1,1,42,88,categorical,Time_Treatment,1_week,4.93E-02,7.24E-02,3.28E+00,7.70E-02,2.83E+00,Number_Individuals_per_group,9.43E-01,Astatotilapia_Burtoni,gr1b,,
0038_HB_STES_2019,Lab,43,ANOVA,2,2,2,2,1,42,88,categorical,Time_Treatment,5_week,4.93E-02,7.24E-02,3.28E+00,7.70E-02,2.83E+00,Number_Individuals_per_group,9.43E-01,Astatotilapia_Burtoni,gr1b,,
0038_HB_STES_2019,Lab,44,ANOVA,2,1,3,1,2,42,8,categorical,Social_Environment,isolate,1.40E-02,5.91E-02,1.32E+00,2.80E-01,8.39E+00,Number_Individuals_per_group,1.32E+00,Astatotilapia_Burtoni,mr,,
0038_HB_STES_2019,Lab,44,ANOVA,2,1,3,2,2,42,36,categorical,Social_Environment,paired,1.40E-02,5.91E-02,1.32E+00,2.80E-01,8.39E+00,Number_Individuals_per_group,1.32E+00,Astatotilapia_Burtoni,mr,,
0038_HB_STES_2019,Lab,44,ANOVA,2,1,3,3,2,42,44,categorical,Social_Environment,grouped,1.40E-02,5.91E-02,1.32E+00,2.80E-01,8.39E+00,Number_Individuals_per_group,1.32E+00,Astatotilapia_Burtoni,mr,,
0043_EE_CKAR_2018,Lab,45,ANOVA,2,1,2,1,1,381,191,categorical,Egg_Size,small,3.37E-02,3.63E-02,1.43E+01,1.00E-03,1.37E-02,cm,6.71E-02,Oncorhynchus tshawytscha,mr,,
0043_EE_CKAR_2018,Lab,45,ANOVA,2,1,2,2,1,381,191,categorical,Egg_Size,large,3.37E-02,3.63E-02,1.43E+01,1.00E-03,1.37E-02,cm,6.71E-02,Oncorhynchus tshawytscha,mr,,
0043_EE_CKAR_2018,Lab,46,ANOVA,2,2,2,1,1,381,191,categorical,Emergence_Time,early,2.46E-02,2.72E-02,1.07E+01,1.00E-03,1.41E+02,order,7.05E-01,Oncorhynchus tshawytscha,Procrustes_Metrics,,
0043_EE_CKAR_2018,Lab,46,ANOVA,2,2,2,2,1,381,191,categorical,Emergence_Time,late,2.46E-02,2.72E-02,1.07E+01,1.00E-03,1.41E+02,order,7.05E-01,Oncorhynchus tshawytscha,Procrustes_Metrics,,
0048_SR_DWIL_2018,Field,47,Regression,1,1,8,1,7,44,1,categorical,Fishing_sites_used,0,7.95E-01,8.26E-01,2.98E+01,1.00E-04,2.45E+00,Fishing_sites_used,7.00E-01,Ursus_arctos,Procrustes_Metrics,,
0048_SR_DWIL_2018,Field,47,Regression,1,1,8,2,7,44,6,categorical,Fishing_sites_used,1,7.95E-01,8.26E-01,2.98E+01,1.00E-04,2.45E+00,Fishing_sites_used,7.00E-01,Ursus_arctos,Procrustes_Metrics,,
0048_SR_DWIL_2018,Field,47,Regression,1,1,8,3,7,44,12,categorical,Fishing_sites_used,2,7.95E-01,8.26E-01,2.98E+01,1.00E-04,2.45E+00,Fishing_sites_used,7.00E-01,Ursus_arctos,Foraging_time,,
0048_SR_DWIL_2018,Field,47,Regression,1,1,8,4,7,44,16,categorical,Fishing_sites_used,3,7.95E-01,8.26E-01,2.98E+01,1.00E-04,2.45E+00,Fishing_sites_used,7.00E-01,Ursus_arctos,Foraging_time,,
0048_SR_DWIL_2018,Field,47,Regression,1,1,8,5,7,44,7,categorical,Fishing_sites_used,4,7.95E-01,8.26E-01,2.98E+01,1.00E-04,2.45E+00,Fishing_sites_used,7.00E-01,Ursus_arctos,Foraging_time,,
0048_SR_DWIL_2018,Field,47,Regression,1,1,8,6,7,44,7,categorical,Fishing_sites_used,5,7.95E-01,8.26E-01,2.98E+01,1.00E-04,2.45E+00,Fishing_sites_used,7.00E-01,Ursus_arctos,Foraging_time,,
0048_SR_DWIL_2018,Field,47,Regression,1,1,8,7,7,44,2,categorical,Fishing_sites_used,6,7.95E-01,8.26E-01,2.98E+01,1.00E-04,2.45E+00,Fishing_sites_used,7.00E-01,Ursus_arctos,Foraging_time,Under consideration because it's bear behaviour. Interesting study though.,
0048_SR_DWIL_2018,Field,47,Regression,1,1,8,8,7,44,1,categorical,Fishing_sites_used,7,7.95E-01,8.26E-01,2.98E+01,1.00E-04,2.45E+00,Fishing_sites_used,7.00E-01,Ursus_arctos,Foraging_time,,
0052_BES_SJON_2018,Lab,48,Regression,1,1,8,1,7,200,25,categorical,Acclimation_Time,2_min,1.91E-01,2.19E-01,8.03E+00,5.00E-03,3.65E+03,minutes,1.44E+00,Poecilia_Reticulata,Foraging_time,,
0052_BES_SJON_2018,Lab,48,Regression,1,1,8,2,7,200,25,categorical,Acclimation_Time,10_min,1.91E-01,2.19E-01,8.03E+00,5.00E-03,3.65E+03,minutes,1.44E+00,Poecilia_Reticulata,Foraging_time,,
0052_BES_SJON_2018,Lab,48,Regression,1,1,8,3,7,200,25,categorical,Acclimation_Time,1_hour,1.91E-01,2.19E-01,8.03E+00,5.00E-03,3.65E+03,minutes,1.44E+00,Poecilia_Reticulata,Activity,,
0052_BES_SJON_2018,Lab,48,Regression,1,1,8,4,7,200,25,categorical,Acclimation_Time,2_hour,1.91E-01,2.19E-01,8.03E+00,5.00E-03,3.65E+03,minutes,1.44E+00,Poecilia_Reticulata,Activity,,
0052_BES_SJON_2018,Lab,48,Regression,1,1,8,5,7,200,25,categorical,Acclimation_Time,1_day,1.91E-01,2.19E-01,8.03E+00,5.00E-03,3.65E+03,minutes,1.44E+00,Poecilia_Reticulata,Activity,,
0052_BES_SJON_2018,Lab,48,Regression,1,1,8,6,7,200,25,categorical,Acclimation_Time,2_day,1.91E-01,2.19E-01,8.03E+00,5.00E-03,3.65E+03,minutes,1.44E+00,Poecilia_Reticulata,Activity,,
0052_BES_SJON_2018,Lab,48,Regression,1,1,8,7,7,200,25,categorical,Acclimation_Time,4_day,1.91E-01,2.19E-01,8.03E+00,5.00E-03,3.65E+03,minutes,1.44E+00,Poecilia_Reticulata,Activity,,
0052_BES_SJON_2018,Lab,48,Regression,1,1,8,8,7,200,25,categorical,Acclimation_Time,7_day,1.91E-01,2.19E-01,8.03E+00,5.00E-03,3.65E+03,minutes,1.44E+00,Poecilia_Reticulata,Activity,,
0059_PTB_DJTS,Lab,49,ANOVA,1,1,2,1,1,57,58,categorical,Trial_segment,5.5_min,8.89E-02,1.06E-01,6.76E+00,1.00E-02,3.18E+00,minutes,4.11E-01,Poecilia_Reticulata,Activity,,
0059_PTB_DJTS,Lab,49,ANOVA,1,1,2,2,1,55,56,categorical,Trial_segment,10_min,9.18E-02,1.09E-01,6.76E+00,1.00E-02,3.18E+00,minutes,4.11E-01,Poecilia_Reticulata,Activity,,
0059_PTB_DJTS,Lab,50,ANOVA,1,1,2,1,1,57,58,categorical,Trial_segment,5.5_min,2.89E-01,3.05E-01,2.50E+01,1.00E-03,3.18E+00,minutes,4.11E-01,Poecilia_Reticulata,Activity,,
0059_PTB_DJTS,Lab,50,ANOVA,1,1,2,2,1,55,56,categorical,Trial_segment,10_min,2.96E-01,3.13E-01,2.50E+01,1.00E-03,3.18E+00,minutes,4.11E-01,Poecilia_Reticulata,Activity,,
0059_PTB_DJTS,Lab,51,ANOVA,1,1,2,1,1,57,58,categorical,Trial_segment,5.5_min,7.47E-02,9.18E-02,5.76E+00,2.00E-02,3.18E+00,minutes,4.11E-01,Poecilia_Reticulata,Activity,,
0059_PTB_DJTS,Lab,51,ANOVA,1,1,2,2,1,55,56,categorical,Trial_segment,10_min,7.71E-02,9.48E-02,5.76E+00,2.00E-02,3.18E+00,minutes,4.11E-01,Poecilia_Reticulata,Activity,,
0059_PTB_DJTS,Lab,52,ANOVA,1,1,2,1,1,57,58,categorical,Trial_segment,5.5_min,1.04E-01,1.21E-01,7.84E+00,7.00E-03,3.18E+00,minutes,4.11E-01,Poecilia_Reticulata,Sociability,,
0059_PTB_DJTS,Lab,52,ANOVA,1,1,2,2,1,55,56,categorical,Trial_segment,10_min,1.07E-01,1.25E-01,7.84E+00,7.00E-03,3.18E+00,minutes,4.11E-01,Poecilia_Reticulata,Sociability,,
0061_PB_CKAS_2018,Lab,57,Regression,1,1,3,1,2,105,36,categorical,Time ,30_min,5.18E-02,6.99E-02,3.95E+00,1.34E-01,1.50E+01,minutes,3.33E-01,Neolamprologus_pulcher,Sociability,,Female
0061_PB_CKAS_2018,Lab,57,Regression,1,1,3,2,2,105,36,categorical,Time ,45_min,5.18E-02,6.99E-02,3.95E+00,1.34E-01,1.50E+01,minutes,3.33E-01,Neolamprologus_pulcher,Sociability,,Female
0061_PB_CKAS_2018,Lab,57,Regression,1,1,3,3,2,105,36,categorical,Time ,60_min,5.18E-02,6.99E-02,3.95E+00,1.34E-01,1.50E+01,minutes,3.33E-01,Neolamprologus_pulcher,Telecephalon_eg1,,Male
0061_PB_CKAS_2018,Lab,58,Regression,1,1,3,1,2,105,36,categorical,Time ,30_min,2.92E-02,4.76E-02,2.63E+00,3.87E-01,1.50E+01,minutes,3.33E-01,Neolamprologus_pulcher,Telecephalon_eg1,,Male
0061_PB_CKAS_2018,Lab,58,Regression,1,1,3,2,2,105,36,categorical,Time ,45_min,2.92E-02,4.76E-02,2.63E+00,3.87E-01,1.50E+01,minutes,3.33E-01,Neolamprologus_pulcher,Telecephalon_eg1,,
0061_PB_CKAS_2018,Lab,58,Regression,1,1,3,3,2,105,36,categorical,Time ,60_min,2.92E-02,4.76E-02,2.63E+00,3.87E-01,1.50E+01,minutes,3.33E-01,Neolamprologus_pulcher,Hypothalamus_eg1,,
0061_PB_CKAS_2018,Lab,59,Regression,1,1,3,1,2,105,36,categorical,Time ,30_min,-1.89E-02,0.00E+00,0.00E+00,9.71E-01,1.50E+01,minutes,3.33E-01,Neolamprologus_pulcher,Hypothalamus_eg1,,
0061_PB_CKAS_2018,Lab,59,Regression,1,1,3,2,2,105,36,categorical,Time ,45_min,-1.89E-02,0.00E+00,0.00E+00,9.71E-01,1.50E+01,minutes,3.33E-01,Neolamprologus_pulcher,Hypothalamus_eg1,,
0061_PB_CKAS_2018,Lab,59,Regression,1,1,3,3,2,105,36,categorical,Time ,60_min,-1.89E-02,0.00E+00,0.00E+00,9.71E-01,1.50E+01,minutes,3.33E-01,Neolamprologus_pulcher,Optic_Tectum_eg1,,
0061_PB_CKAS_2018,Lab,60,Regression,1,1,3,1,2,105,36,categorical,Time ,30_min,1.48E-01,1.65E-01,1.04E+01,1.40E-02,1.50E+01,minutes,3.33E-01,Neolamprologus_pulcher,Optic_Tectum_eg1,,
0061_PB_CKAS_2018,Lab,60,Regression,1,1,3,2,2,105,36,categorical,Time ,45_min,1.48E-01,1.65E-01,1.04E+01,1.40E-02,1.50E+01,minutes,3.33E-01,Neolamprologus_pulcher,Optic_Tectum_eg1,,
0061_PB_CKAS_2018,Lab,60,Regression,1,1,3,3,2,105,36,categorical,Time ,60_min,1.48E-01,1.65E-01,1.04E+01,1.40E-02,1.50E+01,minutes,3.33E-01,Neolamprologus_pulcher,Cerebellum_eg1,,
0068_MHIT_PB_2018,Lab,61,ANOVA,1,1,2,1,1,2799,1400,categorical,Time,0 seconds,9.70E-04,1.33E-03,3.72E+00,5.20E-02,4.72E+00,seconds,1.41E+00,Julidochromis regani,Cerebellum_eg1,,
0068_MHIT_PB_2019,Lab,61,ANOVA,1,1,2,2,1,2799,1400,categorical,Time,6.68 seconds,9.70E-04,1.33E-03,3.72E+00,5.20E-02,4.72E+00,seconds,1.41E+00,Julidochromis regani,Cerebellum_eg1,,
0070_NI_MLBR_2018,Lab,62,ANOVA,1,1,3,1,2,33,13,categorical,temperature,21C,4.38E-01,4.77E-01,1.50E+01,1.00E-04,6.00E+00,Celsius,2.22E-01,Cichlasoma paranaense,Type_of_aggression,,
0070_NI_MLBR_2018,Lab,62,ANOVA,1,1,3,2,2,33,13,categorical,temperature,27C,4.38E-01,4.77E-01,1.50E+01,1.00E-04,6.00E+00,Celsius,2.22E-01,Cichlasoma paranaense,Type_of_aggression,,
0070_NI_MLBR_2018,Lab,62,ANOVA,1,1,3,3,2,33,13,categorical,temperature,33C,4.38E-01,4.77E-01,1.50E+01,1.00E-04,6.00E+00,Celsius,2.22E-01,Cichlasoma paranaense,Swimming_Activity,,
0070_NI_MLBR_2018,Lab,63,ANOVA,1,1,3,1,2,29,11,categorical,temperature,21C,6.51E-01,6.80E-01,3.08E+01,1.00E-03,6.00E+00,Celsius,2.22E-01,Cichlasoma paranaense,Swimming_Activity,,
0070_NI_MLBR_2018,Lab,63,ANOVA,1,1,3,2,2,29,11,categorical,temperature,27C,6.51E-01,6.80E-01,3.08E+01,1.00E-03,6.00E+00,Celsius,2.22E-01,Cichlasoma paranaense,Swimming_Activity,,
0070_NI_MLBR_2018,Lab,63,ANOVA,1,1,3,3,2,29,11,categorical,temperature,33C,6.51E-01,6.80E-01,3.08E+01,1.00E-03,6.00E+00,Celsius,2.22E-01,Cichlasoma paranaense,Restrained_Agression,,
0070_NI_MLBR_2018,Lab,64,ANOVA,1,1,3,1,2,29,11,categorical,temperature,21C,2.70E-01,3.23E-01,6.93E+00,1.00E-02,6.00E+00,Celsius,2.22E-01,Cichlasoma paranaense,Restrained_Agression,,
0070_NI_MLBR_2018,Lab,64,ANOVA,1,1,3,2,2,29,11,categorical,temperature,27C,2.70E-01,3.23E-01,6.93E+00,1.00E-02,6.00E+00,Celsius,2.22E-01,Cichlasoma paranaense,Restrained_Agression,,
0070_NI_MLBR_2018,Lab,64,ANOVA,1,1,3,3,2,29,11,categorical,temperature,33C,2.70E-01,3.23E-01,6.93E+00,1.00E-02,6.00E+00,Celsius,2.22E-01,Cichlasoma paranaense,Overt_Agression,,
0070_NI_MLBR_2018,Lab,65,ANOVA,1,1,3,1,2,33,13,categorical,temperature,21C,3.26E-01,3.70E-01,9.69E+00,3.00E-03,6.00E+00,Celsius,2.22E-01,Cichlasoma paranaense,Overt_Agression,,
0070_NI_MLBR_2018,Lab,65,ANOVA,1,1,3,2,2,33,13,categorical,temperature,27C,3.26E-01,3.70E-01,9.69E+00,3.00E-03,6.00E+00,Celsius,2.22E-01,Cichlasoma paranaense,Overt_Agression,,
0070_NI_MLBR_2018,Lab,65,ANOVA,1,1,3,3,2,33,13,categorical,temperature,33C,3.26E-01,3.70E-01,9.69E+00,3.00E-03,6.00E+00,Celsius,2.22E-01,Cichlasoma paranaense,Restrained_Agression,,
0070_NI_MLBR_2018,Lab,66,ANOVA,1,1,3,1,2,33,13,categorical,temperature,21C,2.99E-01,3.45E-01,8.68E+00,5.00E-03,6.00E+00,Celsius,2.22E-01,Cichlasoma paranaense,Restrained_Agression,,
0070_NI_MLBR_2018,Lab,66,ANOVA,1,1,3,2,2,33,13,categorical,temperature,27C,2.99E-01,3.45E-01,8.68E+00,5.00E-03,6.00E+00,Celsius,2.22E-01,Cichlasoma paranaense,Restrained_Agression,,
0070_NI_MLBR_2018,Lab,66,ANOVA,1,1,3,3,2,33,13,categorical,temperature,33C,2.99E-01,3.45E-01,8.68E+00,5.00E-03,6.00E+00,Celsius,2.22E-01,Cichlasoma paranaense,Overt_Agression,,
0073_IJAR_KPAS_2018,Lab,67,Regression,1,1,8,1,7,72,10,categorical,Concentration,0?g/L,9.77E-01,9.79E-01,4.80E+02,1.00E-05,1.22E+02,?g/L,7.00E-01,Pseudetroplus maculatus,Overt_Agression,,
0073_IJAR_KPAS_2018,Lab,67,Regression,1,1,8,2,7,72,10,categorical,Concentration,50?g/L,9.77E-01,9.79E-01,4.80E+02,1.00E-05,1.22E+02,?g/L,7.00E-01,Pseudetroplus maculatus,Overt_Agression,,
0073_IJAR_KPAS_2018,Lab,67,Regression,1,1,8,3,7,72,10,categorical,Concentration,100?g/L,9.77E-01,9.79E-01,4.80E+02,1.00E-05,1.22E+02,?g/L,7.00E-01,Pseudetroplus maculatus,%Mortality,,
0073_IJAR_KPAS_2018,Lab,67,Regression,1,1,8,4,7,72,10,categorical,Concentration,150?g/L,9.77E-01,9.79E-01,4.80E+02,1.00E-05,1.22E+02,?g/L,7.00E-01,Pseudetroplus maculatus,%Mortality,,
0073_IJAR_KPAS_2018,Lab,67,Regression,1,1,8,5,7,72,10,categorical,Concentration,200?g/L,9.77E-01,9.79E-01,4.80E+02,1.00E-05,1.22E+02,?g/L,7.00E-01,Pseudetroplus maculatus,%Mortality,,
0073_IJAR_KPAS_2018,Lab,67,Regression,1,1,8,6,7,72,10,categorical,Concentration,250?g/L,9.77E-01,9.79E-01,4.80E+02,1.00E-05,1.22E+02,?g/L,7.00E-01,Pseudetroplus maculatus,%Mortality,,
0073_IJAR_KPAS_2018,Lab,67,Regression,1,1,8,7,7,72,10,categorical,Concentration,300?g/L,9.77E-01,9.79E-01,4.80E+02,1.00E-05,1.22E+02,?g/L,7.00E-01,Pseudetroplus maculatus,%Mortality,,
0073_IJAR_KPAS_2018,Lab,67,Regression,1,1,8,8,7,72,10,categorical,Concentration,350?g/L,9.77E-01,9.79E-01,4.80E+02,1.00E-05,1.22E+02,?g/L,7.00E-01,Pseudetroplus maculatus,%Mortality,,
0076_AABS_ACSG_2018,Lab,68,ANOVA,1,1,3,1,2,42,15,categorical,%water_change,0_percent,1.75E-02,6.25E-02,1.40E+00,2.60E-01,2.50E-01,%,1.00E+00,Pterophyllum scalare,%Mortality,,
0076_AABS_ACSG_2018,Lab,68,ANOVA,1,1,3,2,2,42,15,categorical,%water_change,25_percent,1.75E-02,6.25E-02,1.40E+00,2.60E-01,2.50E-01,%,1.00E+00,Pterophyllum scalare,%Mortality,,
0076_AABS_ACSG_2018,Lab,68,ANOVA,1,1,3,3,2,42,15,categorical,%water_change,50_percent,1.75E-02,6.25E-02,1.40E+00,2.60E-01,2.50E-01,%,1.00E+00,Pterophyllum scalare,Standard_Length,,
0076_AABS_ACSG_2018,Lab,69,ANOVA,1,1,3,1,2,42,15,categorical,%water_change,0_percent,3.85E-02,8.30E-02,1.90E+00,1.50E-01,2.50E-01,%,1.00E+00,Pterophyllum scalare,Standard_Length,,
0076_AABS_ACSG_2018,Lab,69,ANOVA,1,1,3,2,2,42,15,categorical,%water_change,25_percent,3.85E-02,8.30E-02,1.90E+00,1.50E-01,2.50E-01,%,1.00E+00,Pterophyllum scalare,Standard_Length,,
0076_AABS_ACSG_2018,Lab,69,ANOVA,1,1,3,3,2,42,15,categorical,%water_change,50_percent,3.85E-02,8.30E-02,1.90E+00,1.50E-01,2.50E-01,%,1.00E+00,Pterophyllum scalare,CV_Standard_Length,,
0076_AABS_ACSG_2018,Lab,70,ANOVA,1,1,3,1,2,42,15,categorical,%water_change,0_percent,4.34E-02,8.77E-02,2.02E+00,1.50E-01,2.50E-01,%,1.00E+00,Pterophyllum scalare,CV_Standard_Length,,
0076_AABS_ACSG_2018,Lab,70,ANOVA,1,1,3,2,2,42,15,categorical,%water_change,25_percent,4.34E-02,8.77E-02,2.02E+00,1.50E-01,2.50E-01,%,1.00E+00,Pterophyllum scalare,CV_Standard_Length,,
0076_AABS_ACSG_2018,Lab,70,ANOVA,1,1,3,3,2,42,15,categorical,%water_change,50_percent,4.34E-02,8.77E-02,2.02E+00,1.50E-01,2.50E-01,%,1.00E+00,Pterophyllum scalare,Weight(g),,
0076_AABS_ACSG_2018,Lab,71,ANOVA,1,1,3,1,2,42,15,categorical,%water_change,0_percent,-1.86E-02,2.73E-02,5.90E-01,5.50E-01,2.50E-01,%,1.00E+00,Pterophyllum scalare,Weight(g),,
0076_AABS_ACSG_2018,Lab,71,ANOVA,1,1,3,2,2,42,15,categorical,%water_change,25_percent,-1.86E-02,2.73E-02,5.90E-01,5.50E-01,2.50E-01,%,1.00E+00,Pterophyllum scalare,Weight(g),,
0076_AABS_ACSG_2018,Lab,71,ANOVA,1,1,3,3,2,42,15,categorical,%water_change,50_percent,-1.86E-02,2.73E-02,5.90E-01,5.50E-01,2.50E-01,%,1.00E+00,Pterophyllum scalare,CV_body_length,,
0080_SR_JMBU_2018,Lab,72,ANOVA,1,1,5,1,4,45,46,categorical,Days,1day,1.81E-01,2.51E-01,3.76E+00,7.00E-03,1.58E+00,days,5.37E-01,Astatotilapia_Burtoni,CV_body_length,,
0080_SR_JMBU_2018,Lab,72,ANOVA,1,1,5,2,4,45,46,categorical,Days,2days,1.81E-01,2.51E-01,3.76E+00,7.00E-03,1.58E+00,days,5.37E-01,Astatotilapia_Burtoni,CV_body_length,,
0080_SR_JMBU_2018,Lab,72,ANOVA,1,1,5,3,4,45,37,categorical,Days,3days,1.81E-01,2.51E-01,3.76E+00,7.00E-03,1.58E+00,days,5.37E-01,Astatotilapia_Burtoni,Proactive_Behaviour_change,,
0080_SR_JMBU_2018,Lab,72,ANOVA,1,1,5,4,4,45,25,categorical,Days,4days,1.81E-01,2.51E-01,3.76E+00,7.00E-03,1.58E+00,days,5.37E-01,Astatotilapia_Burtoni,Proactive_Behaviour_change,,
0080_SR_JMBU_2018,Lab,72,ANOVA,1,1,5,5,4,45,5,categorical,Days,5days,1.81E-01,2.51E-01,3.76E+00,7.00E-03,1.58E+00,days,5.37E-01,Astatotilapia_Burtoni,Proactive_Behaviour_change,,
0080_SR_JMBU_2018,Lab,73,ANOVA,1,1,5,1,4,45,46,categorical,Days,1day,1.91E-01,2.60E-01,3.95E+00,5.00E-03,1.58E+00,days,5.37E-01,Astatotilapia_Burtoni,Proactive_Behaviour_change,,
0080_SR_JMBU_2018,Lab,73,ANOVA,1,1,5,2,4,45,46,categorical,Days,2days,1.91E-01,2.60E-01,3.95E+00,5.00E-03,1.58E+00,days,5.37E-01,Astatotilapia_Burtoni,Proactive_Behaviour_change,,
0080_SR_JMBU_2018,Lab,73,ANOVA,1,1,5,3,4,45,37,categorical,Days,3days,1.91E-01,2.60E-01,3.95E+00,5.00E-03,1.58E+00,days,5.37E-01,Astatotilapia_Burtoni,Reactive_Behaviour_change,,
0080_SR_JMBU_2018,Lab,73,ANOVA,1,1,5,4,4,45,25,categorical,Days,4days,1.91E-01,2.60E-01,3.95E+00,5.00E-03,1.58E+00,days,5.37E-01,Astatotilapia_Burtoni,Reactive_Behaviour_change,,
0080_SR_JMBU_2018,Lab,73,ANOVA,1,1,5,5,4,45,5,categorical,Days,5days,1.91E-01,2.60E-01,3.95E+00,5.00E-03,1.58E+00,days,5.37E-01,Astatotilapia_Burtoni,Reactive_Behaviour_change,,
0080_SR_JMBU_2018,Lab,74,ANOVA,1,1,4,1,3,15,5,categorical,Days,Control,4.49E-01,5.52E-01,6.15E+00,9.00E-04,1.29E+00,days,5.16E-01,Astatotilapia_Burtoni,Reactive_Behaviour_change,,
0080_SR_JMBU_2018,Lab,74,ANOVA,1,1,4,2,3,15,5,categorical,Days,2days,4.49E-01,5.52E-01,6.15E+00,9.00E-04,1.29E+00,days,5.16E-01,Astatotilapia_Burtoni,Reactive_Behaviour_change,,
0080_SR_JMBU_2018,Lab,74,ANOVA,1,1,4,3,3,15,5,categorical,Days,3days,4.49E-01,5.52E-01,6.15E+00,9.00E-04,1.29E+00,days,5.16E-01,Astatotilapia_Burtoni,Vv_r_Behaviour_Change,,
0080_SR_JMBU_2018,Lab,74,ANOVA,1,1,4,4,3,15,5,categorical,Days,4days,4.49E-01,5.52E-01,6.15E+00,9.00E-04,1.29E+00,days,5.16E-01,Astatotilapia_Burtoni,Vv_r_Behaviour_Change,,
0080_SR_JMBU_2018,Lab,75,ANOVA,1,1,4,1,3,15,5,categorical,Days,Control,1.72E-01,3.17E-01,2.32E+00,1.27E-01,1.29E+00,days,5.16E-01,Astatotilapia_Burtoni,Vv_r_Behaviour_Change,,
0080_SR_JMBU_2018,Lab,75,ANOVA,1,1,4,2,3,15,5,categorical,Days,2days,1.72E-01,3.17E-01,2.32E+00,1.27E-01,1.29E+00,days,5.16E-01,Astatotilapia_Burtoni,Vv_r_Behaviour_Change,,
0080_SR_JMBU_2018,Lab,75,ANOVA,1,1,4,3,3,15,5,categorical,Days,3days,1.72E-01,3.17E-01,2.32E+00,1.27E-01,1.29E+00,days,5.16E-01,Astatotilapia_Burtoni,Vv_c_Behaviour_Change,,
0080_SR_JMBU_2018,Lab,75,ANOVA,1,1,4,4,3,15,5,categorical,Days,4days,1.72E-01,3.17E-01,2.32E+00,1.27E-01,1.29E+00,days,5.16E-01,Astatotilapia_Burtoni,Vv_c_Behaviour_Change,,
0080_SR_JMBU_2018,Lab,76,ANOVA,1,1,4,1,3,15,5,categorical,Days,Control,7.64E-01,8.11E-01,2.15E+01,1.00E-03,1.29E+00,days,5.16E-01,Astatotilapia_Burtoni,Vv_c_Behaviour_Change,,
0080_SR_JMBU_2018,Lab,76,ANOVA,1,1,4,2,3,15,5,categorical,Days,2days,7.64E-01,8.11E-01,2.15E+01,1.00E-03,1.29E+00,days,5.16E-01,Astatotilapia_Burtoni,Vv_c_Behaviour_Change,,
0080_SR_JMBU_2018,Lab,76,ANOVA,1,1,4,3,3,15,5,categorical,Days,3days,7.64E-01,8.11E-01,2.15E+01,1.00E-03,1.29E+00,days,5.16E-01,Astatotilapia_Burtoni,Vd_Behaviour_Change,,
0080_SR_JMBU_2018,Lab,76,ANOVA,1,1,4,4,3,15,5,categorical,Days,4days,7.64E-01,8.11E-01,2.15E+01,1.00E-03,1.29E+00,days,5.16E-01,Astatotilapia_Burtoni,Vd_Behaviour_Change,,
0080_SR_JMBU_2018,Lab,77,ANOVA,1,1,4,1,3,14,5,categorical,Days,Control,8.16E-01,8.55E-01,2.76E+01,1.00E-03,1.29E+00,days,5.16E-01,Astatotilapia_Burtoni,Vd_Behaviour_Change,,
0080_SR_JMBU_2018,Lab,77,ANOVA,1,1,4,2,3,14,5,categorical,Days,2days,8.16E-01,8.55E-01,2.76E+01,1.00E-03,1.29E+00,days,5.16E-01,Astatotilapia_Burtoni,Vd_Behaviour_Change,,
0080_SR_JMBU_2018,Lab,77,ANOVA,1,1,4,3,3,14,5,categorical,Days,3days,8.16E-01,8.55E-01,2.76E+01,1.00E-03,1.29E+00,days,5.16E-01,Astatotilapia_Burtoni,Vs_Behaviour_Change,,
0080_SR_JMBU_2018,Lab,77,ANOVA,1,1,4,4,3,14,5,categorical,Days,4days,8.16E-01,8.55E-01,2.76E+01,1.00E-03,1.29E+00,days,5.16E-01,Astatotilapia_Burtoni,Vs_Behaviour_Change,,
0080_SR_JMBU_2018,Lab,78,ANOVA,1,1,4,1,3,15,5,categorical,Days,Control,6.85E-01,7.47E-01,1.47E+01,1.00E-03,1.29E+00,days,5.16E-01,Astatotilapia_Burtoni,Vs_Behaviour_Change,,
0080_SR_JMBU_2018,Lab,78,ANOVA,1,1,4,2,3,15,5,categorical,Days,2days,6.85E-01,7.47E-01,1.47E+01,1.00E-03,1.29E+00,days,5.16E-01,Astatotilapia_Burtoni,Vs_Behaviour_Change,,
0080_SR_JMBU_2018,Lab,78,ANOVA,1,1,4,3,3,15,5,categorical,Days,3days,6.85E-01,7.47E-01,1.47E+01,1.00E-03,1.29E+00,days,5.16E-01,Astatotilapia_Burtoni,Vc_Behaviour_Change,,
0080_SR_JMBU_2018,Lab,78,ANOVA,1,1,4,4,3,15,5,categorical,Days,4days,6.85E-01,7.47E-01,1.47E+01,1.00E-03,1.29E+00,days,5.16E-01,Astatotilapia_Burtoni,Vc_Behaviour_Change,,
0080_SR_JMBU_2018,Lab,79,ANOVA,1,1,4,1,3,15,5,categorical,Days,Control,3.14E-01,4.38E-01,3.90E+00,3.70E-02,1.29E+00,days,5.16E-01,Astatotilapia_Burtoni,Vc_Behaviour_Change,,
0080_SR_JMBU_2018,Lab,79,ANOVA,1,1,4,2,3,15,5,categorical,Days,2days,3.14E-01,4.38E-01,3.90E+00,3.70E-02,1.29E+00,days,5.16E-01,Astatotilapia_Burtoni,Vc_Behaviour_Change,,
0080_SR_JMBU_2018,Lab,79,ANOVA,1,1,4,3,3,15,5,categorical,Days,3days,3.14E-01,4.38E-01,3.90E+00,3.70E-02,1.29E+00,days,5.16E-01,Astatotilapia_Burtoni,Vp_Behaviour_Change,,
0080_SR_JMBU_2018,Lab,79,ANOVA,1,1,4,4,3,15,5,categorical,Days,4days,3.14E-01,4.38E-01,3.90E+00,3.70E-02,1.29E+00,days,5.16E-01,Astatotilapia_Burtoni,Vp_Behaviour_Change,,
0080_SR_JMBU_2018,Lab,80,ANOVA,1,1,4,1,3,15,5,categorical,Days,Control,4.29E-02,2.04E-01,1.28E+00,3.24E-01,1.29E+00,days,5.16E-01,Astatotilapia_Burtoni,Vp_Behaviour_Change,,
0080_SR_JMBU_2018,Lab,80,ANOVA,1,1,4,2,3,15,5,categorical,Days,2days,4.29E-02,2.04E-01,1.28E+00,3.24E-01,1.29E+00,days,5.16E-01,Astatotilapia_Burtoni,Vp_Behaviour_Change,,
0080_SR_JMBU_2018,Lab,80,ANOVA,1,1,4,3,3,15,5,categorical,Days,3days,4.29E-02,2.04E-01,1.28E+00,3.24E-01,1.29E+00,days,5.16E-01,Astatotilapia_Burtoni,Dc_4_Behaviour_Change,,
0080_SR_JMBU_2018,Lab,80,ANOVA,1,1,4,4,3,15,5,categorical,Days,4days,4.29E-02,2.04E-01,1.28E+00,3.24E-01,1.29E+00,days,5.16E-01,Astatotilapia_Burtoni,Dc_4_Behaviour_Change,,
0080_SR_JMBU_2018,Lab,81,ANOVA,1,1,4,1,3,15,5,categorical,Days,Control,-1.08E-01,7.10E-02,3.82E-01,7.68E-01,1.29E+00,days,5.16E-01,Astatotilapia_Burtoni,Dc_4_Behaviour_Change,,
0080_SR_JMBU_2018,Lab,81,ANOVA,1,1,4,2,3,15,5,categorical,Days,2days,-1.08E-01,7.10E-02,3.82E-01,7.68E-01,1.29E+00,days,5.16E-01,Astatotilapia_Burtoni,Dc_4_Behaviour_Change,,
0080_SR_JMBU_2018,Lab,81,ANOVA,1,1,4,3,3,15,5,categorical,Days,3days,-1.08E-01,7.10E-02,3.82E-01,7.68E-01,1.29E+00,days,5.16E-01,Astatotilapia_Burtoni,Dc_5_Behaviour_Change,,
0080_SR_JMBU_2018,Lab,81,ANOVA,1,1,4,4,3,15,5,categorical,Days,4days,-1.08E-01,7.10E-02,3.82E-01,7.68E-01,1.29E+00,days,5.16E-01,Astatotilapia_Burtoni,Dc_5_Behaviour_Change,,
0080_SR_JMBU_2018,Lab,82,ANOVA,1,1,4,1,3,15,5,categorical,Days,Control,7.65E-01,8.12E-01,2.16E+01,1.00E-03,1.29E+00,days,5.16E-01,Astatotilapia_Burtoni,Dc_5_Behaviour_Change,,
0080_SR_JMBU_2018,Lab,82,ANOVA,1,1,4,2,3,15,5,categorical,Days,2days,7.65E-01,8.12E-01,2.16E+01,1.00E-03,1.29E+00,days,5.16E-01,Astatotilapia_Burtoni,Dc_5_Behaviour_Change,,
0080_SR_JMBU_2018,Lab,82,ANOVA,1,1,4,3,3,15,5,categorical,Days,3days,7.65E-01,8.12E-01,2.16E+01,1.00E-03,1.29E+00,days,5.16E-01,Astatotilapia_Burtoni,Dm-3_Behaviour_Change,,
0080_SR_JMBU_2018,Lab,82,ANOVA,1,1,4,4,3,15,5,categorical,Days,4days,7.65E-01,8.12E-01,2.16E+01,1.00E-03,1.29E+00,days,5.16E-01,Astatotilapia_Burtoni,Dm-3_Behaviour_Change,,
0080_SR_JMBU_2018,Lab,83,ANOVA,1,1,4,1,3,13,4,categorical,Days,Control,-3.01E-03,1.85E-01,9.83E-01,4.39E-01,1.29E+00,days,5.16E-01,Astatotilapia_Burtoni,Dm-3_Behaviour_Change,,
0080_SR_JMBU_2018,Lab,83,ANOVA,1,1,4,2,3,13,4,categorical,Days,2days,-3.01E-03,1.85E-01,9.83E-01,4.39E-01,1.29E+00,days,5.16E-01,Astatotilapia_Burtoni,Dm-3_Behaviour_Change,,
0080_SR_JMBU_2018,Lab,83,ANOVA,1,1,4,3,3,13,4,categorical,Days,3days,-3.01E-03,1.85E-01,9.83E-01,4.39E-01,1.29E+00,days,5.16E-01,Astatotilapia_Burtoni,Dl_v2_Behaviour_Change,,
0080_SR_JMBU_2018,Lab,83,ANOVA,1,1,4,4,3,13,4,categorical,Days,4days,-3.01E-03,1.85E-01,9.83E-01,4.39E-01,1.29E+00,days,5.16E-01,Astatotilapia_Burtoni,Dl_v2_Behaviour_Change,,
0080_SR_JMBU_2018,Lab,84,ANOVA,1,1,4,1,3,15,5,categorical,Days,Control,4.72E-02,2.08E-01,1.31E+00,3.15E-01,1.29E+00,days,5.16E-01,Astatotilapia_Burtoni,Dl_v2_Behaviour_Change,,
0080_SR_JMBU_2018,Lab,84,ANOVA,1,1,4,2,3,15,5,categorical,Days,2days,4.72E-02,2.08E-01,1.31E+00,3.15E-01,1.29E+00,days,5.16E-01,Astatotilapia_Burtoni,Dl_v2_Behaviour_Change,,
0080_SR_JMBU_2018,Lab,84,ANOVA,1,1,4,3,3,15,5,categorical,Days,3days,4.72E-02,2.08E-01,1.31E+00,3.15E-01,1.29E+00,days,5.16E-01,Astatotilapia_Burtoni,nPPa_Behaviour_Change,,
0080_SR_JMBU_2018,Lab,84,ANOVA,1,1,4,4,3,15,5,categorical,Days,4days,4.72E-02,2.08E-01,1.31E+00,3.15E-01,1.29E+00,days,5.16E-01,Astatotilapia_Burtoni,nPPa_Behaviour_Change,,
0080_SR_JMBU_2018,Lab,85,ANOVA,1,1,4,1,3,15,5,categorical,Days,Control,6.76E-01,7.40E-01,1.42E+01,1.00E-03,1.29E+00,days,5.16E-01,Astatotilapia_Burtoni,nPPa_Behaviour_Change,,
0080_SR_JMBU_2018,Lab,85,ANOVA,1,1,4,2,3,15,5,categorical,Days,2days,6.76E-01,7.40E-01,1.42E+01,1.00E-03,1.29E+00,days,5.16E-01,Astatotilapia_Burtoni,nPPa_Behaviour_Change,,
0080_SR_JMBU_2018,Lab,85,ANOVA,1,1,4,3,3,15,5,categorical,Days,3days,6.76E-01,7.40E-01,1.42E+01,1.00E-03,1.29E+00,days,5.16E-01,Astatotilapia_Burtoni,TPp_Behaviour_Change,,
0080_SR_JMBU_2018,Lab,85,ANOVA,1,1,4,4,3,15,5,categorical,Days,4days,6.76E-01,7.40E-01,1.42E+01,1.00E-03,1.29E+00,days,5.16E-01,Astatotilapia_Burtoni,TPp_Behaviour_Change,,
0080_SR_JMBU_2018,Lab,86,ANOVA,1,1,4,1,3,14,5,categorical,Days,Control,6.56E-01,7.27E-01,1.24E+01,1.00E-03,1.29E+00,days,5.16E-01,Astatotilapia_Burtoni,TPp_Behaviour_Change,,
0080_SR_JMBU_2018,Lab,86,ANOVA,1,1,4,2,3,14,5,categorical,Days,2days,6.56E-01,7.27E-01,1.24E+01,1.00E-03,1.29E+00,days,5.16E-01,Astatotilapia_Burtoni,TPp_Behaviour_Change,,
0080_SR_JMBU_2018,Lab,86,ANOVA,1,1,4,3,3,14,5,categorical,Days,3days,6.56E-01,7.27E-01,1.24E+01,1.00E-03,1.29E+00,days,5.16E-01,Astatotilapia_Burtoni,ATn_Behaviour_Change,,
0080_SR_JMBU_2018,Lab,86,ANOVA,1,1,4,4,3,14,5,categorical,Days,4days,6.56E-01,7.27E-01,1.24E+01,1.00E-03,1.29E+00,days,5.16E-01,Astatotilapia_Burtoni,ATn_Behaviour_Change,,
0080_SR_JMBU_2018,Lab,87,ANOVA,1,1,4,1,3,15,5,categorical,Days,Control,3.63E-01,4.80E-01,4.61E+00,1.60E-02,1.29E+00,days,5.16E-01,Astatotilapia_Burtoni,ATn_Behaviour_Change,,
0080_SR_JMBU_2018,Lab,87,ANOVA,1,1,4,2,3,15,5,categorical,Days,2days,3.63E-01,4.80E-01,4.61E+00,1.60E-02,1.29E+00,days,5.16E-01,Astatotilapia_Burtoni,ATn_Behaviour_Change,,
0080_SR_JMBU_2018,Lab,87,ANOVA,1,1,4,3,3,15,5,categorical,Days,3days,3.63E-01,4.80E-01,4.61E+00,1.60E-02,1.29E+00,days,5.16E-01,Astatotilapia_Burtoni,SR_Behaviour_Change,,
0080_SR_JMBU_2018,Lab,87,ANOVA,1,1,4,4,3,15,5,categorical,Days,4days,3.63E-01,4.80E-01,4.61E+00,1.60E-02,1.29E+00,days,5.16E-01,Astatotilapia_Burtoni,SR_Behaviour_Change,,
0084_AEI_TOLD_2017,Field,88,ANOVA,1,1,3,1,2,57,20,categorical,Dissolved Oxygen,Before,4.05E-01,4.29E-01,2.14E+01,1.00E-03,5.93E+00,%saturation,8.22E-02,Salmo_Salar,SR_Behaviour_Change,,
0084_AEI_TOLD_2017,Field,88,ANOVA,1,1,3,2,2,57,20,categorical,Dissolved Oxygen,During,4.05E-01,4.29E-01,2.14E+01,1.00E-03,5.93E+00,%saturation,8.22E-02,Salmo_Salar,SR_Behaviour_Change,,
0084_AEI_TOLD_2017,Field,88,ANOVA,1,1,3,3,2,57,20,categorical,Dissolved Oxygen,After,4.05E-01,4.29E-01,2.14E+01,1.00E-03,5.93E+00,%saturation,8.22E-02,Salmo_Salar,Swimming_Speed,,
0086_AEI_TJHA_2017,Lab,89,Regression,1,1,7,1,6,21525,3076,categorical,Irradiance,LED1,8.90E-01,8.90E-01,2.90E+04,2.00E-02,8.53E-01,µmol s?1 m?2,5.91E-01,Salmo_Salar,Swimming_Speed,,
0086_AEI_TJHA_2017,Lab,89,Regression,1,1,7,2,6,21525,3076,categorical,Irradiance,LED25,8.90E-01,8.90E-01,2.90E+04,2.00E-02,8.53E-01,µmol s?1 m?2,5.91E-01,Salmo_Salar,Swimming_Speed,,
0086_AEI_TJHA_2017,Lab,89,Regression,1,1,7,3,6,21525,3076,categorical,Irradiance,LED50,8.90E-01,8.90E-01,2.90E+04,2.00E-02,8.53E-01,µmol s?1 m?2,5.91E-01,Salmo_Salar,Specific_Growth_Rate,,
0086_AEI_TJHA_2017,Lab,89,Regression,1,1,7,4,6,21525,3076,categorical,Irradiance,LED75,8.90E-01,8.90E-01,2.90E+04,2.00E-02,8.53E-01,µmol s?1 m?2,5.91E-01,Salmo_Salar,Specific_Growth_Rate,,
0086_AEI_TJHA_2017,Lab,89,Regression,1,1,7,5,6,21525,3076,categorical,Irradiance,LED 100 1,8.90E-01,8.90E-01,2.90E+04,2.00E-02,8.53E-01,µmol s?1 m?2,5.91E-01,Salmo_Salar,Specific_Growth_Rate,,
0086_AEI_TJHA_2017,Lab,89,Regression,1,1,7,6,6,21525,3076,categorical,Irradiance,LED 100 2,8.90E-01,8.90E-01,2.90E+04,2.00E-02,8.53E-01,µmol s?1 m?2,5.91E-01,Salmo_Salar,Specific_Growth_Rate,,
0086_AEI_TJHA_2017,Lab,89,Regression,1,1,7,7,6,21525,3076,categorical,Irradiance,LED100,8.90E-01,8.90E-01,2.90E+04,2.00E-02,8.53E-01,µmol s?1 m?2,5.91E-01,Salmo_Salar,Specific_Growth_Rate,,
0086_AEI_TJHA_2017,Lab,90,Regression,1,1,7,1,6,21525,3076,categorical,Irradiance,LED1,7.30E-01,7.30E-01,9.70E+03,7.00E-02,8.53E-01,µmol s?1 m?2,5.91E-01,Salmo_Salar,Specific_Growth_Rate,,
0086_AEI_TJHA_2017,Lab,91,Regression,1,1,7,2,6,21525,3076,categorical,Irradiance,LED25,7.30E-01,7.30E-01,9.70E+03,7.00E-02,8.53E-01,µmol s?1 m?2,5.91E-01,Salmo_Salar,Specific_Growth_Rate,,
0086_AEI_TJHA_2017,Lab,91,Regression,1,1,7,3,6,21525,3076,categorical,Irradiance,LED50,7.30E-01,7.30E-01,9.70E+03,7.00E-02,8.53E-01,µmol s?1 m?2,5.91E-01,Salmo_Salar,Delta_K,,
0086_AEI_TJHA_2017,Lab,91,Regression,1,1,7,4,6,21525,3076,categorical,Irradiance,LED75,7.30E-01,7.30E-01,9.70E+03,7.00E-02,8.53E-01,µmol s?1 m?2,5.91E-01,Salmo_Salar,Delta_K,,
0086_AEI_TJHA_2017,Lab,91,Regression,1,1,7,5,6,21525,3076,categorical,Irradiance,LED 100 1,7.30E-01,7.30E-01,9.70E+03,7.00E-02,8.53E-01,µmol s?1 m?2,5.91E-01,Salmo_Salar,Delta_K,,
0086_AEI_TJHA_2017,Lab,91,Regression,1,1,7,6,6,21525,3076,categorical,Irradiance,LED 100 2,7.30E-01,7.30E-01,9.70E+03,7.00E-02,8.53E-01,µmol s?1 m?2,5.91E-01,Salmo_Salar,Delta_K,,
0086_AEI_TJHA_2017,Lab,92,Regression,1,1,7,7,6,21525,3076,categorical,Irradiance,LED100,7.30E-01,7.30E-01,9.70E+03,7.00E-02,8.53E-01,µmol s?1 m?2,5.91E-01,Salmo_Salar,Delta_K,,
0086_AEI_TJHA_2017,Lab,92,Regression,1,1,7,1,6,21525,3076,categorical,Irradiance,LED1,6.50E-01,6.50E-01,6.66E+03,1.00E-01,8.53E-01,µmol s?1 m?2,5.91E-01,Salmo_Salar,Delta_K,,
0086_AEI_TJHA_2017,Lab,92,Regression,1,1,7,2,6,21525,3076,categorical,Irradiance,LED25,6.50E-01,6.50E-01,6.66E+03,1.00E-01,8.53E-01,µmol s?1 m?2,5.91E-01,Salmo_Salar,Delta_K,,
0086_AEI_TJHA_2017,Lab,92,Regression,1,1,7,3,6,21525,3076,categorical,Irradiance,LED50,6.50E-01,6.50E-01,6.66E+03,1.00E-01,8.53E-01,µmol s?1 m?2,5.91E-01,Salmo_Salar,Weight(kg),,
0086_AEI_TJHA_2017,Lab,92,Regression,1,1,7,4,6,21525,3076,categorical,Irradiance,LED75,6.50E-01,6.50E-01,6.66E+03,1.00E-01,8.53E-01,µmol s?1 m?2,5.91E-01,Salmo_Salar,Weight(kg),,
0086_AEI_TJHA_2017,Lab,92,Regression,1,1,7,5,6,21525,3076,categorical,Irradiance,LED 100 1,6.50E-01,6.50E-01,6.66E+03,1.00E-01,8.53E-01,µmol s?1 m?2,5.91E-01,Salmo_Salar,Weight(kg),,
0086_AEI_TJHA_2017,Lab,92,Regression,1,1,7,6,6,21525,3076,categorical,Irradiance,LED 100 2,6.50E-01,6.50E-01,6.66E+03,1.00E-01,8.53E-01,µmol s?1 m?2,5.91E-01,Salmo_Salar,Weight(kg),,
0086_AEI_TJHA_2017,Lab,92,Regression,1,1,7,7,6,21525,3076,categorical,Irradiance,LED100,6.50E-01,6.50E-01,6.66E+03,1.00E-01,8.53E-01,µmol s?1 m?2,5.91E-01,Salmo_Salar,Weight(kg),,
0086_AEI_TJHA_2017,Lab,93,Regression,1,1,11,1,10,33825,3076,categorical,Irradiance,LED1,7.20E-01,7.20E-01,8.70E+03,3.00E-02,1.18E+00,µmol s?1 m?2,5.32E-01,Salmo_Salar,Weight(kg),,
0086_AEI_TJHA_2017,Lab,93,Regression,1,1,11,2,10,33825,3076,categorical,Irradiance,LED25,7.20E-01,7.20E-01,8.70E+03,3.00E-02,1.18E+00,µmol s?1 m?2,5.32E-01,Salmo_Salar,Weight(kg),,
0086_AEI_TJHA_2017,Lab,93,Regression,1,1,11,3,10,33825,3076,categorical,Irradiance,LED50,7.20E-01,7.20E-01,8.70E+03,3.00E-02,1.18E+00,µmol s?1 m?2,5.32E-01,Salmo_Salar,Weight(kg),,
0086_AEI_TJHA_2017,Lab,93,Regression,1,1,11,4,10,33825,3076,categorical,Irradiance,LED75,7.20E-01,7.20E-01,8.70E+03,3.00E-02,1.18E+00,µmol s?1 m?2,5.32E-01,Salmo_Salar,Weight(kg),,
0086_AEI_TJHA_2017,Lab,93,Regression,1,1,11,5,10,33825,3076,categorical,Irradiance,LED 100 1,7.20E-01,7.20E-01,8.70E+03,3.00E-02,1.18E+00,µmol s?1 m?2,5.32E-01,Salmo_Salar,Weight(kg),,
0086_AEI_TJHA_2017,Lab,93,Regression,1,1,11,6,10,33825,3076,categorical,Irradiance,LED 100 2,7.20E-01,7.20E-01,8.70E+03,3.00E-02,1.18E+00,µmol s?1 m?2,5.32E-01,Salmo_Salar,Weight(kg),,
0086_AEI_TJHA_2017,Lab,93,Regression,1,1,11,7,10,33825,3076,categorical,Irradiance,LED100,7.20E-01,7.20E-01,8.70E+03,3.00E-02,1.18E+00,µmol s?1 m?2,5.32E-01,Salmo_Salar,Weight(kg),,
0086_AEI_TJHA_2017,Lab,93,Regression,1,1,11,8,10,33825,3076,categorical,Irradiance,MH,7.20E-01,7.20E-01,8.70E+03,3.00E-02,1.18E+00,µmol s?1 m?2,5.32E-01,Salmo_Salar,Weight(kg),,
0086_AEI_TJHA_2017,Lab,93,Regression,1,1,11,9,10,33825,3076,categorical,Irradiance,MH1,7.20E-01,7.20E-01,8.70E+03,3.00E-02,1.18E+00,µmol s?1 m?2,5.32E-01,Salmo_Salar,Weight(kg),,
0086_AEI_TJHA_2017,Lab,93,Regression,1,1,11,10,10,33825,3076,categorical,Irradiance,MH2,7.20E-01,7.20E-01,8.70E+03,3.00E-02,1.18E+00,µmol s?1 m?2,5.32E-01,Salmo_Salar,Weight(kg),,
0086_AEI_TJHA_2017,Lab,94,Regression,1,1,11,11,10,33825,3076,categorical,Irradiance,MH3,7.20E-01,7.20E-01,8.70E+03,3.00E-02,1.18E+00,µmol s?1 m?2,5.32E-01,Salmo_Salar,Weight(kg),,
0086_AEI_TJHA_2017,Lab,94,Regression,1,1,11,1,10,33825,3076,categorical,Irradiance,LED1,7.50E-01,7.50E-01,1.01E+04,3.00E-02,1.18E+00,µmol s?1 m?2,5.32E-01,Salmo_Salar,Weight(kg),,
0086_AEI_TJHA_2017,Lab,94,Regression,1,1,11,2,10,33825,3076,categorical,Irradiance,LED25,7.50E-01,7.50E-01,1.01E+04,3.00E-02,1.18E+00,µmol s?1 m?2,5.32E-01,Salmo_Salar,Weight(kg),,
0086_AEI_TJHA_2017,Lab,94,Regression,1,1,11,3,10,33825,3076,categorical,Irradiance,LED50,7.50E-01,7.50E-01,1.01E+04,3.00E-02,1.18E+00,µmol s?1 m?2,5.32E-01,Salmo_Salar,K,,
0086_AEI_TJHA_2017,Lab,94,Regression,1,1,11,4,10,33825,3076,categorical,Irradiance,LED75,7.50E-01,7.50E-01,1.01E+04,3.00E-02,1.18E+00,µmol s?1 m?2,5.32E-01,Salmo_Salar,K,,
0086_AEI_TJHA_2017,Lab,94,Regression,1,1,11,5,10,33825,3076,categorical,Irradiance,LED 100 1,7.50E-01,7.50E-01,1.01E+04,3.00E-02,1.18E+00,µmol s?1 m?2,5.32E-01,Salmo_Salar,K,,
0086_AEI_TJHA_2017,Lab,94,Regression,1,1,11,6,10,33825,3076,categorical,Irradiance,LED 100 2,7.50E-01,7.50E-01,1.01E+04,3.00E-02,1.18E+00,µmol s?1 m?2,5.32E-01,Salmo_Salar,K,,
0086_AEI_TJHA_2017,Lab,94,Regression,1,1,11,7,10,33825,3076,categorical,Irradiance,LED100,7.50E-01,7.50E-01,1.01E+04,3.00E-02,1.18E+00,µmol s?1 m?2,5.32E-01,Salmo_Salar,K,,
0086_AEI_TJHA_2017,Lab,94,Regression,1,1,11,8,10,33825,3076,categorical,Irradiance,MH,7.50E-01,7.50E-01,1.01E+04,3.00E-02,1.18E+00,µmol s?1 m?2,5.32E-01,Salmo_Salar,K,,
0086_AEI_TJHA_2017,Lab,94,Regression,1,1,11,9,10,33825,3076,categorical,Irradiance,MH1,7.50E-01,7.50E-01,1.01E+04,3.00E-02,1.18E+00,µmol s?1 m?2,5.32E-01,Salmo_Salar,K,,
0086_AEI_TJHA_2017,Lab,94,Regression,1,1,11,10,10,33825,3076,categorical,Irradiance,MH2,7.50E-01,7.50E-01,1.01E+04,3.00E-02,1.18E+00,µmol s?1 m?2,5.32E-01,Salmo_Salar,K,,
0086_AEI_TJHA_2017,Lab,94,Regression,1,1,11,11,10,33825,3076,categorical,Irradiance,MH3,7.50E-01,7.50E-01,1.01E+04,3.00E-02,1.18E+00,µmol s?1 m?2,5.32E-01,Salmo_Salar,K,,
0086_AEI_TJHA_2017,Lab,95,Regression,1,1,7,1,6,21525,3076,categorical,Irradiance,LED1,6.90E-01,6.90E-01,7.99E+03,8.00E-02,8.53E-01,µmol s?1 m?2,5.91E-01,Salmo_Salar,K,,
0086_AEI_TJHA_2017,Lab,95,Regression,1,1,7,2,6,21525,3076,categorical,Irradiance,LED25,6.90E-01,6.90E-01,7.99E+03,8.00E-02,8.53E-01,µmol s?1 m?2,5.91E-01,Salmo_Salar,K,,
0086_AEI_TJHA_2017,Lab,95,Regression,1,1,7,3,6,21525,3076,categorical,Irradiance,LED50,6.90E-01,6.90E-01,7.99E+03,8.00E-02,8.53E-01,µmol s?1 m?2,5.91E-01,Salmo_Salar,K,,
0086_AEI_TJHA_2017,Lab,95,Regression,1,1,7,4,6,21525,3076,categorical,Irradiance,LED75,6.90E-01,6.90E-01,7.99E+03,8.00E-02,8.53E-01,µmol s?1 m?2,5.91E-01,Salmo_Salar,K,,
0086_AEI_TJHA_2017,Lab,95,Regression,1,1,7,5,6,21525,3076,categorical,Irradiance,LED 100 1,6.90E-01,6.90E-01,7.99E+03,8.00E-02,8.53E-01,µmol s?1 m?2,5.91E-01,Salmo_Salar,K,,
0086_AEI_TJHA_2017,Lab,95,Regression,1,1,7,6,6,21525,3076,categorical,Irradiance,LED 100 2,6.90E-01,6.90E-01,7.99E+03,8.00E-02,8.53E-01,µmol s?1 m?2,5.91E-01,Salmo_Salar,K,,
0086_AEI_TJHA_2017,Lab,95,Regression,1,1,7,7,6,21525,3076,categorical,Irradiance,LED100,6.90E-01,6.90E-01,7.99E+03,8.00E-02,8.53E-01,µmol s?1 m?2,5.91E-01,Salmo_Salar,K,,
0086_AEI_TJHA_2017,Lab,96,Regression,1,1,11,1,10,33825,3076,categorical,Irradiance,LED1,9.30E-01,9.30E-01,4.49E+04,1.00E-02,1.18E+00,µmol s?1 m?2,5.32E-01,Salmo_Salar,K,,
0086_AEI_TJHA_2017,Lab,96,Regression,1,1,11,2,10,33825,3076,categorical,Irradiance,LED25,9.30E-01,9.30E-01,4.49E+04,1.00E-02,1.18E+00,µmol s?1 m?2,5.32E-01,Salmo_Salar,K,,
0086_AEI_TJHA_2017,Lab,96,Regression,1,1,11,3,10,33825,3076,categorical,Irradiance,LED50,9.30E-01,9.30E-01,4.49E+04,1.00E-02,1.18E+00,µmol s?1 m?2,5.32E-01,Salmo_Salar,Specific_Growth_Rate,,
0086_AEI_TJHA_2017,Lab,96,Regression,1,1,11,4,10,33825,3076,categorical,Irradiance,LED75,9.30E-01,9.30E-01,4.49E+04,1.00E-02,1.18E+00,µmol s?1 m?2,5.32E-01,Salmo_Salar,Specific_Growth_Rate,,
0086_AEI_TJHA_2017,Lab,96,Regression,1,1,11,5,10,33825,3076,categorical,Irradiance,LED 100 1,9.30E-01,9.30E-01,4.49E+04,1.00E-02,1.18E+00,µmol s?1 m?2,5.32E-01,Salmo_Salar,Specific_Growth_Rate,,
0086_AEI_TJHA_2017,Lab,96,Regression,1,1,11,6,10,33825,3076,categorical,Irradiance,LED 100 2,9.30E-01,9.30E-01,4.49E+04,1.00E-02,1.18E+00,µmol s?1 m?2,5.32E-01,Salmo_Salar,Specific_Growth_Rate,,
0086_AEI_TJHA_2017,Lab,96,Regression,1,1,11,7,10,33825,3076,categorical,Irradiance,LED100,9.30E-01,9.30E-01,4.49E+04,1.00E-02,1.18E+00,µmol s?1 m?2,5.32E-01,Salmo_Salar,Specific_Growth_Rate,,
0086_AEI_TJHA_2017,Lab,96,Regression,1,1,11,8,10,33825,3076,categorical,Irradiance,MH,9.30E-01,9.30E-01,4.49E+04,1.00E-02,1.18E+00,µmol s?1 m?2,5.32E-01,Salmo_Salar,Specific_Growth_Rate,,
0086_AEI_TJHA_2017,Lab,96,Regression,1,1,11,9,10,33825,3076,categorical,Irradiance,MH1,9.30E-01,9.30E-01,4.49E+04,1.00E-02,1.18E+00,µmol s?1 m?2,5.32E-01,Salmo_Salar,Specific_Growth_Rate,,
0086_AEI_TJHA_2017,Lab,96,Regression,1,1,11,10,10,33825,3076,categorical,Irradiance,MH2,9.30E-01,9.30E-01,4.49E+04,1.00E-02,1.18E+00,µmol s?1 m?2,5.32E-01,Salmo_Salar,Specific_Growth_Rate,,
0086_AEI_TJHA_2017,Lab,96,Regression,1,1,11,11,10,33825,3076,categorical,Irradiance,MH3,9.30E-01,9.30E-01,4.49E+04,1.00E-02,1.18E+00,µmol s?1 m?2,5.32E-01,Salmo_Salar,Specific_Growth_Rate,,
0086_AEI_TJHA_2017,Lab,97,Regression,1,1,11,1,10,33825,3076,categorical,Irradiance,LED1,7.10E-01,7.10E-01,8.28E+03,4.00E-02,1.18E+00,µmol s?1 m?2,5.32E-01,Salmo_Salar,Specific_Growth_Rate,,
0086_AEI_TJHA_2017,Lab,97,Regression,1,1,11,2,10,33825,3076,categorical,Irradiance,LED25,7.10E-01,7.10E-01,8.28E+03,4.00E-02,1.18E+00,µmol s?1 m?2,5.32E-01,Salmo_Salar,Specific_Growth_Rate,,
0086_AEI_TJHA_2017,Lab,97,Regression,1,1,11,3,10,33825,3076,categorical,Irradiance,LED50,7.10E-01,7.10E-01,8.28E+03,4.00E-02,1.18E+00,µmol s?1 m?2,5.32E-01,Salmo_Salar,Delta_K,,
0086_AEI_TJHA_2017,Lab,97,Regression,1,1,11,4,10,33825,3076,categorical,Irradiance,LED75,7.10E-01,7.10E-01,8.28E+03,4.00E-02,1.18E+00,µmol s?1 m?2,5.32E-01,Salmo_Salar,Delta_K,,
0086_AEI_TJHA_2017,Lab,97,Regression,1,1,11,5,10,33825,3076,categorical,Irradiance,LED 100 1,7.10E-01,7.10E-01,8.28E+03,4.00E-02,1.18E+00,µmol s?1 m?2,5.32E-01,Salmo_Salar,Delta_K,,
0086_AEI_TJHA_2017,Lab,97,Regression,1,1,11,6,10,33825,3076,categorical,Irradiance,LED 100 2,7.10E-01,7.10E-01,8.28E+03,4.00E-02,1.18E+00,µmol s?1 m?2,5.32E-01,Salmo_Salar,Delta_K,,
0086_AEI_TJHA_2017,Lab,97,Regression,1,1,11,7,10,33825,3076,categorical,Irradiance,LED100,7.10E-01,7.10E-01,8.28E+03,4.00E-02,1.18E+00,µmol s?1 m?2,5.32E-01,Salmo_Salar,Delta_K,,
0086_AEI_TJHA_2017,Lab,97,Regression,1,1,11,8,10,33825,3076,categorical,Irradiance,MH,7.10E-01,7.10E-01,8.28E+03,4.00E-02,1.18E+00,µmol s?1 m?2,5.32E-01,Salmo_Salar,Delta_K,,
0086_AEI_TJHA_2017,Lab,97,Regression,1,1,11,9,10,33825,3076,categorical,Irradiance,MH1,7.10E-01,7.10E-01,8.28E+03,4.00E-02,1.18E+00,µmol s?1 m?2,5.32E-01,Salmo_Salar,Delta_K,,
0086_AEI_TJHA_2017,Lab,97,Regression,1,1,11,10,10,33825,3076,categorical,Irradiance,MH2,7.10E-01,7.10E-01,8.28E+03,4.00E-02,1.18E+00,µmol s?1 m?2,5.32E-01,Salmo_Salar,Delta_K,,
0086_AEI_TJHA_2017,Lab,97,Regression,1,1,11,11,10,33825,3076,categorical,Irradiance,MH3,7.10E-01,7.10E-01,8.28E+03,4.00E-02,1.18E+00,µmol s?1 m?2,5.32E-01,Salmo_Salar,Delta_K,,
0090_PB_MROS_2017,Lab,98,ANOVA,1,1,2,1,1,140,71,categorical,Hypoxia,Hypoxic_tank,9.32E-02,1.00E-01,1.56E+01,1.00E-03,6.58E+00,mg mL?1,1.04E+00,Salmo_Salar,Delta_K,,
0090_PB_MROS_2018,Lab,98,ANOVA,1,1,2,2,1,140,71,categorical,Hypoxia,Home_tank,9.32E-02,1.00E-01,1.56E+01,1.00E-03,6.58E+00,mg mL?1,1.04E+00,Salmo_Salar,Delta_K,,
0091_C_PTOM_2017,Lab,99,ANOVA,1,1,2,1,1,72,37,categorical,Exposure,Not_exposed,2.29E-01,2.42E-01,2.30E+01,1.00E-03,5.66E+00,ng/L,1.41E+00,Poecilia_Reticulata,Length,,
0091_C_PTOM_2017,Lab,99,ANOVA,1,1,2,2,1,72,37,categorical,Exposure,Exposed,2.29E-01,2.42E-01,2.30E+01,1.00E-03,5.66E+00,ng/L,1.41E+00,Poecilia_Reticulata,Length,,
0091_C_PTOM_2017,Lab,100,ANOVA,1,1,2,1,1,72,37,categorical,Exposure,Not_exposed,2.83E-01,2.96E-01,3.03E+01,1.00E-03,5.66E+00,ng/L,1.41E+00,Poecilia_Reticulata,Aggression_without_female,,
0091_C_PTOM_2017,Lab,100,ANOVA,1,1,2,2,1,72,37,categorical,Exposure,Exposed,2.83E-01,2.96E-01,3.03E+01,1.00E-03,5.66E+00,ng/L,1.41E+00,Poecilia_Reticulata,Aggression_without_female,,
0091_C_PTOM_2017,Lab,101,ANOVA,1,1,2,1,1,72,37,categorical,Exposure,Not_exposed,2.94E-01,3.06E-01,3.18E+01,9.20E-02,5.66E+00,ng/L,1.41E+00,Poecilia_Reticulata,Aggression_with_female,,
0091_C_PTOM_2017,Lab,101,ANOVA,1,1,2,2,1,72,37,categorical,Exposure,Exposed,2.94E-01,3.06E-01,3.18E+01,9.20E-02,5.66E+00,ng/L,1.41E+00,Poecilia_Reticulata,Aggression_with_female,,
0091_C_PTOM_2017,Lab,102,ANOVA,1,1,2,1,1,72,37,categorical,Exposure,Not_exposed,4.11E-01,4.23E-01,5.27E+01,8.10E-02,5.66E+00,ng/L,1.41E+00,Poecilia_Reticulata,Aggression_towards_female,,
0091_C_PTOM_2017,Lab,102,ANOVA,1,1,2,2,1,72,37,categorical,Exposure,Exposed,4.11E-01,4.23E-01,5.27E+01,8.10E-02,5.66E+00,ng/L,1.41E+00,Poecilia_Reticulata,Aggression_towards_female,,
0091_C_PTOM_2017,Lab,103,ANOVA,1,1,2,1,1,72,37,categorical,Exposure,Not_exposed,2.23E-01,2.36E-01,2.22E+01,1.00E-03,5.66E+00,ng/L,1.41E+00,Poecilia_Reticulata,Total_time_spent_with_female,,
0091_C_PTOM_2017,Lab,103,ANOVA,1,1,2,2,1,72,37,categorical,Exposure,Exposed,2.23E-01,2.36E-01,2.22E+01,1.00E-03,5.66E+00,ng/L,1.41E+00,Poecilia_Reticulata,Total_time_spent_with_female,,
0091_C_PTOM_2017,Lab,104,ANOVA,1,1,2,1,1,72,37,categorical,Exposure,Not_exposed,1.96E-01,2.10E-01,1.91E+01,1.00E-03,5.66E+00,ng/L,1.41E+00,Poecilia_Reticulata,Courting_Behaviour,,
0091_C_PTOM_2017,Lab,104,ANOVA,1,1,2,2,1,72,37,categorical,Exposure,Exposed,1.96E-01,2.10E-01,1.91E+01,1.00E-03,5.66E+00,ng/L,1.41E+00,Poecilia_Reticulata,Courting_Behaviour,,
0091_C_PTOM_2017,Lab,105,ANOVA,1,1,2,1,1,72,37,categorical,Exposure,Not_exposed,8.91E-02,1.03E-01,8.24E+00,4.00E-03,5.66E+00,ng/L,1.41E+00,Poecilia_Reticulata,Courting_Behaviour_w_female,,
0091_C_PTOM_2017,Lab,105,ANOVA,1,1,2,2,1,72,37,categorical,Exposure,Exposed,8.91E-02,1.03E-01,8.24E+00,4.00E-03,5.66E+00,ng/L,1.41E+00,Poecilia_Reticulata,Courting_Behaviour_w_female,,
0091_C_PTOM_2017,Lab,106,ANOVA,1,1,2,1,1,72,37,categorical,Exposure,Not_exposed,5.32E-01,5.42E-01,8.52E+01,1.00E-03,5.66E+00,ng/L,1.41E+00,Poecilia_Reticulata,Sneaking,,
0091_C_PTOM_2017,Lab,106,ANOVA,1,1,2,2,1,72,37,categorical,Exposure,Exposed,5.32E-01,5.42E-01,8.52E+01,1.00E-03,5.66E+00,ng/L,1.41E+00,Poecilia_Reticulata,Sneaking,,
0091_C_PTOM_2017,Lab,107,ANOVA,1,1,2,1,1,72,37,categorical,Exposure,Not_exposed,3.75E-01,3.87E-01,4.54E+01,1.00E-03,5.66E+00,ng/L,1.41E+00,Poecilia_Reticulata,Orange_Coloration,,
0091_C_PTOM_2017,Lab,107,ANOVA,1,1,2,2,1,72,37,categorical,Exposure,Exposed,3.75E-01,3.87E-01,4.54E+01,1.00E-03,5.66E+00,ng/L,1.41E+00,Poecilia_Reticulata,Orange_Coloration,,
0092_AB_TLXI_2017,Lab,108,ANOVA,1,1,5,1,4,176,36,categorical,Trial_number,Trial_1,2.12E-01,2.31E-01,1.32E+01,1.00E-03,1.58E+00,Number_of_trials,5.27E-01,Poecilia_Reticulata,Weight,,
0092_AB_TLXI_2017,Lab,108,ANOVA,1,1,5,2,4,176,36,categorical,Trial_number,Trial_2,2.12E-01,2.31E-01,1.32E+01,1.00E-03,1.58E+00,Number_of_trials,5.27E-01,Poecilia_Reticulata,Weight,,
0092_AB_TLXI_2017,Lab,108,ANOVA,1,1,5,3,4,176,36,categorical,Trial_number,Trial_3,2.12E-01,2.31E-01,1.32E+01,1.00E-03,1.58E+00,Number_of_trials,5.27E-01,Poecilia_Reticulata,Time_to_solve_task,,
0092_AB_TLXI_2017,Lab,108,ANOVA,1,1,5,4,4,176,36,categorical,Trial_number,Trial_4,2.12E-01,2.31E-01,1.32E+01,1.00E-03,1.58E+00,Number_of_trials,5.27E-01,Poecilia_Reticulata,Time_to_solve_task,,
0092_AB_TLXI_2017,Lab,108,ANOVA,1,1,5,5,4,176,36,categorical,Trial_number,Trial_5,2.12E-01,2.31E-01,1.32E+01,1.00E-03,1.58E+00,Number_of_trials,5.27E-01,Poecilia_Reticulata,Time_to_solve_task,,
0092_AB_TLXI_2017,Lab,109,ANOVA,1,1,5,1,4,176,36,categorical,Trial_number,Trial_1,1.54E-01,1.74E-01,9.25E+00,1.00E-03,1.58E+00,Number_of_trials,5.27E-01,Poecilia_Reticulata,Time_to_solve_task,,
0092_AB_TLXI_2017,Lab,109,ANOVA,1,1,5,2,4,176,36,categorical,Trial_number,Trial_2,1.54E-01,1.74E-01,9.25E+00,1.00E-03,1.58E+00,Number_of_trials,5.27E-01,Poecilia_Reticulata,Time_to_solve_task,,
0092_AB_TLXI_2017,Lab,109,ANOVA,1,1,5,3,4,176,36,categorical,Trial_number,Trial_3,1.54E-01,1.74E-01,9.25E+00,1.00E-03,1.58E+00,Number_of_trials,5.27E-01,Poecilia_Reticulata,Time_to_solve_task_transparent_barrier,,
0092_AB_TLXI_2017,Lab,109,ANOVA,1,1,5,4,4,176,36,categorical,Trial_number,Trial_4,1.54E-01,1.74E-01,9.25E+00,1.00E-03,1.58E+00,Number_of_trials,5.27E-01,Poecilia_Reticulata,Time_to_solve_task_transparent_barrier,,
0092_AB_TLXI_2017,Lab,109,ANOVA,1,1,5,5,4,176,36,categorical,Trial_number,Trial_5,1.54E-01,1.74E-01,9.25E+00,1.00E-03,1.58E+00,Number_of_trials,5.27E-01,Poecilia_Reticulata,Time_to_solve_task_transparent_barrier,,
0092_AB_TLXI_2017,Lab,110,ANOVA,1,1,5,1,4,176,36,categorical,Trial_number,Trial_1,7.95E-02,1.00E-01,4.91E+00,1.00E-03,1.58E+00,Number_of_trials,5.27E-01,Poecilia_Reticulata,Time_to_solve_task_transparent_barrier,,
0092_AB_TLXI_2017,Lab,110,ANOVA,1,1,5,2,4,176,36,categorical,Trial_number,Trial_2,7.95E-02,1.00E-01,4.91E+00,1.00E-03,1.58E+00,Number_of_trials,5.27E-01,Poecilia_Reticulata,Time_to_solve_task_transparent_barrier,,
0092_AB_TLXI_2017,Lab,110,ANOVA,1,1,5,3,4,176,36,categorical,Trial_number,Trial_3,7.95E-02,1.00E-01,4.91E+00,1.00E-03,1.58E+00,Number_of_trials,5.27E-01,Poecilia_Reticulata,Time_to_solve_task_semi_transparent_barrier,,
0092_AB_TLXI_2017,Lab,110,ANOVA,1,1,5,4,4,176,36,categorical,Trial_number,Trial_4,7.95E-02,1.00E-01,4.91E+00,1.00E-03,1.58E+00,Number_of_trials,5.27E-01,Poecilia_Reticulata,Time_to_solve_task_semi_transparent_barrier,,
0092_AB_TLXI_2017,Lab,110,ANOVA,1,1,5,5,4,176,36,categorical,Trial_number,Trial_5,7.95E-02,1.00E-01,4.91E+00,1.00E-03,1.58E+00,Number_of_trials,5.27E-01,Poecilia_Reticulata,Time_to_solve_task_semi_transparent_barrier,,
0092_AB_TLXI_2017,Lab,111,ANOVA,1,1,5,1,4,176,36,categorical,Trial_number,Trial_1,1.80E-01,1.99E-01,1.09E+01,1.00E-03,1.58E+00,Number_of_trials,5.27E-01,Poecilia_Reticulata,Time_to_solve_task_semi_transparent_barrier,,
0092_AB_TLXI_2017,Lab,111,ANOVA,1,1,5,2,4,176,36,categorical,Trial_number,Trial_2,1.80E-01,1.99E-01,1.09E+01,1.00E-03,1.58E+00,Number_of_trials,5.27E-01,Poecilia_Reticulata,Time_to_solve_task_semi_transparent_barrier,,
0092_AB_TLXI_2017,Lab,111,ANOVA,1,1,5,3,4,176,36,categorical,Trial_number,Trial_3,1.80E-01,1.99E-01,1.09E+01,1.00E-03,1.58E+00,Number_of_trials,5.27E-01,Poecilia_Reticulata,Time_in_front,,
0092_AB_TLXI_2017,Lab,111,ANOVA,1,1,5,4,4,176,36,categorical,Trial_number,Trial_4,1.80E-01,1.99E-01,1.09E+01,1.00E-03,1.58E+00,Number_of_trials,5.27E-01,Poecilia_Reticulata,Time_in_front,,
0092_AB_TLXI_2017,Lab,111,ANOVA,1,1,5,5,4,176,36,categorical,Trial_number,Trial_5,1.80E-01,1.99E-01,1.09E+01,1.00E-03,1.58E+00,Number_of_trials,5.27E-01,Poecilia_Reticulata,Time_in_front,,
0092_AB_TLXI_2017,Lab,112,ANOVA,1,1,5,1,4,176,36,categorical,Trial_number,Trial_1,1.57E-01,1.77E-01,9.46E+00,1.00E-03,1.58E+00,Number_of_trials,5.27E-01,Poecilia_Reticulata,Time_in_front,,
0092_AB_TLXI_2017,Lab,112,ANOVA,1,1,5,2,4,176,36,categorical,Trial_number,Trial_2,1.57E-01,1.77E-01,9.46E+00,1.00E-03,1.58E+00,Number_of_trials,5.27E-01,Poecilia_Reticulata,Time_in_front,,
0092_AB_TLXI_2017,Lab,112,ANOVA,1,1,5,3,4,176,36,categorical,Trial_number,Trial_3,1.57E-01,1.77E-01,9.46E+00,1.00E-03,1.58E+00,Number_of_trials,5.27E-01,Poecilia_Reticulata,Time_in_front_transparent_barrier,,
0092_AB_TLXI_2017,Lab,112,ANOVA,1,1,5,4,4,176,36,categorical,Trial_number,Trial_4,1.57E-01,1.77E-01,9.46E+00,1.00E-03,1.58E+00,Number_of_trials,5.27E-01,Poecilia_Reticulata,Time_in_front_transparent_barrier,,
0092_AB_TLXI_2017,Lab,112,ANOVA,1,1,5,5,4,176,36,categorical,Trial_number,Trial_5,1.57E-01,1.77E-01,9.46E+00,1.00E-03,1.58E+00,Number_of_trials,5.27E-01,Poecilia_Reticulata,Time_in_front_transparent_barrier,,
0092_AB_TLXI_2017,Lab,113,ANOVA,1,1,5,1,4,176,36,categorical,Trial_number,Trial_1,5.32E-02,7.45E-02,3.54E+00,1.00E-02,1.58E+00,Number_of_trials,5.27E-01,Poecilia_Reticulata,Time_in_front_transparent_barrier,,
0092_AB_TLXI_2017,Lab,113,ANOVA,1,1,5,2,4,176,36,categorical,Trial_number,Trial_2,5.32E-02,7.45E-02,3.54E+00,1.00E-02,1.58E+00,Number_of_trials,5.27E-01,Poecilia_Reticulata,Time_in_front_transparent_barrier,,
0092_AB_TLXI_2017,Lab,113,ANOVA,1,1,5,3,4,176,36,categorical,Trial_number,Trial_3,5.32E-02,7.45E-02,3.54E+00,1.00E-02,1.58E+00,Number_of_trials,5.27E-01,Poecilia_Reticulata,Time_in_front_semi_transparent_barrier,,
0092_AB_TLXI_2017,Lab,113,ANOVA,1,1,5,4,4,176,36,categorical,Trial_number,Trial_4,5.32E-02,7.45E-02,3.54E+00,1.00E-02,1.58E+00,Number_of_trials,5.27E-01,Poecilia_Reticulata,Time_in_front_semi_transparent_barrier,,
0092_AB_TLXI_2017,Lab,113,ANOVA,1,1,5,5,4,176,36,categorical,Trial_number,Trial_5,5.32E-02,7.45E-02,3.54E+00,1.00E-02,1.58E+00,Number_of_trials,5.27E-01,Poecilia_Reticulata,Time_in_front_semi_transparent_barrier,,
0093_AB_MMAG_2017,Lab,114,ANOVA,1,1,2,1,1,54,28,categorical,Male_Order,1st,-1.80E-02,2.08E-04,1.12E-02,9.18E-01,7.07E-01,Male_Order,4.71E-01,Poecilia_Reticulata,Time_in_front_semi_transparent_barrier,,
0093_AB_MMAG_2017,Lab,114,ANOVA,1,1,2,2,1,54,28,categorical,Male_Order,2nd,-1.80E-02,2.08E-04,1.12E-02,9.18E-01,7.07E-01,Male_Order,4.71E-01,Poecilia_Reticulata,Time_in_front_semi_transparent_barrier,,
0093_AB_MMAG_2017,Lab,115,ANOVA,1,1,2,1,1,54,28,categorical,Male_Order,1st,-1.33E-02,4.85E-03,2.63E-01,6.10E-01,7.07E-01,Male_Order,4.71E-01,Poecilia_Reticulata,VAP,,
0093_AB_MMAG_2017,Lab,115,ANOVA,1,1,2,2,1,54,28,categorical,Male_Order,2nd,-1.33E-02,4.85E-03,2.63E-01,6.10E-01,7.07E-01,Male_Order,4.71E-01,Poecilia_Reticulata,VAP,,
0093_AB_MMAG_2017,Lab,116,ANOVA,1,1,2,1,1,54,28,categorical,Male_Order,1st,-1.74E-02,7.55E-04,4.08E-02,8.41E-01,7.07E-01,Male_Order,4.71E-01,Poecilia_Reticulata,SL,,
0093_AB_MMAG_2017,Lab,116,ANOVA,1,1,2,2,1,54,28,categorical,Male_Order,2nd,-1.74E-02,7.55E-04,4.08E-02,8.41E-01,7.07E-01,Male_Order,4.71E-01,Poecilia_Reticulata,SL,,
0093_AB_MMAG_2017,Lab,117,ANOVA,1,1,2,1,1,54,28,categorical,Male_Order,1st,-1.81E-02,1.10E-04,5.93E-03,9.39E-01,7.07E-01,Male_Order,4.71E-01,Poecilia_Reticulata,Orange_Coloration,,
0093_AB_MMAG_2017,Lab,117,ANOVA,1,1,2,2,1,54,28,categorical,Male_Order,2nd,-1.81E-02,1.10E-04,5.93E-03,9.39E-01,7.07E-01,Male_Order,4.71E-01,Poecilia_Reticulata,Orange_Coloration,,
0093_AB_MMAG_2017,Lab,118,ANOVA,1,1,2,1,1,54,28,categorical,Male_Order,1st,-1.69E-02,1.25E-03,6.76E-02,7.96E-01,7.07E-01,Male_Order,4.71E-01,Poecilia_Reticulata,Iridescent,,
0093_AB_MMAG_2017,Lab,118,ANOVA,1,1,2,2,1,54,28,categorical,Male_Order,2nd,-1.69E-02,1.25E-03,6.76E-02,7.96E-01,7.07E-01,Male_Order,4.71E-01,Poecilia_Reticulata,Iridescent,,
0095_PJ_HLWO_2017,Lab,119,Regression,1,1,1,1,1,29,30,continous,Length,Length,-2.52E-02,8.14E-03,2.38E-01,6.29E-01,1.92E+00,mm,1.62E-01,Poecilia_Reticulata,Melanistic,,
0095_PJ_HLWO_2017,Lab,120,Regression,1,1,1,1,1,29,30,continous,Length,Length,9.76E-02,1.30E-01,4.35E+00,4.50E-02,1.92E+00,mm,1.62E-01,Poecilia_Reticulata,Melanistic,,
0095_PJ_HLWO_2017,Lab,121,Regression,1,1,1,1,1,29,30,continous,Length,Length,6.93E-02,1.02E-01,3.31E+00,7.80E-02,1.92E+00,mm,1.62E-01,Poecilia_Reticulata,Reactive_Distance,,
0095_PJ_HLWO_2017,Lab,122,Regression,1,1,1,1,1,29,30,continous,Length,Length,1.73E-01,2.05E-01,7.47E+00,1.00E-02,1.92E+00,mm,1.62E-01,Poecilia_Reticulata,Maximum_Speed,,
0097_AC_MEMP_2017,Lab,123,ANOVA,1,1,2,1,1,27,15,categorical,Phase_Order,1st,-3.20E-02,3.73E-03,1.01E-01,7.53E-01,7.07E-01,Phase_Order,4.71E-01,Poecilia_Reticulata,Maximum_Acceleration,,
0097_AC_MEMP_2017,Lab,123,ANOVA,1,1,2,2,1,27,15,categorical,Phase_Order,2nd,-3.20E-02,3.73E-03,1.01E-01,7.53E-01,7.07E-01,Phase_Order,4.71E-01,Poecilia_Reticulata,Total_Distance,,
0099_AB_SCAT_2017,Lab,124,ANOVA,1,1,2,1,1,28,15,categorical,proximity,6cm,9.15E-01,9.20E-01,3.24E+02,1.00E-03,4.24E+00,cm,4.71E-01,Poecilia_Reticulata,Amount_Errors,,
0099_AB_SCAT_2017,Lab,124,ANOVA,1,1,2,2,1,28,15,categorical,proximity,12cm,9.15E-01,9.20E-01,3.24E+02,1.00E-03,4.24E+00,cm,4.71E-01,Poecilia_Reticulata,Amount_Errors,,
0099_AB_SCAT_2017,Lab,125,ANOVA,1,1,2,1,1,28,15,categorical,proximity,6cm,8.84E-01,8.92E-01,2.30E+02,1.00E-03,4.24E+00,cm,4.71E-01,Poecilia_Reticulata,Proximity_conspecifics_1,,
0099_AB_SCAT_2017,Lab,125,ANOVA,1,1,2,2,1,28,15,categorical,proximity,12cm,8.84E-01,8.92E-01,2.30E+02,1.00E-03,4.24E+00,cm,4.71E-01,Poecilia_Reticulata,Proximity_conspecifics_1,,
0099_AB_SCAT_2017,Lab,126,ANOVA,1,1,2,1,1,28,15,categorical,proximity,6cm,8.45E-01,8.54E-01,1.64E+02,1.00E-03,4.24E+00,cm,4.71E-01,Poecilia_Reticulata,Mirror_1,,
0099_AB_SCAT_2017,Lab,126,ANOVA,1,1,2,2,1,28,15,categorical,proximity,12cm,8.45E-01,8.54E-01,1.64E+02,1.00E-03,4.24E+00,cm,4.71E-01,Poecilia_Reticulata,Mirror_1,,
0099_AB_SCAT_2017,Lab,127,ANOVA,1,1,2,1,1,28,15,categorical,proximity,6cm,6.24E-01,6.45E-01,5.08E+01,1.00E-03,4.24E+00,cm,4.71E-01,Poecilia_Reticulata,Proximity_conspecifics_2a,,
0099_AB_SCAT_2017,Lab,127,ANOVA,1,1,2,2,1,28,15,categorical,proximity,12cm,6.24E-01,6.45E-01,5.08E+01,1.00E-03,4.24E+00,cm,4.71E-01,Poecilia_Reticulata,Proximity_conspecifics_2a,,
0099_AB_SCAT_2017,Lab,128,ANOVA,1,1,2,1,1,28,15,categorical,proximity,6cm,8.61E-01,8.69E-01,1.86E+02,1.00E-03,4.24E+00,cm,4.71E-01,Poecilia_Reticulata,Mirror_2a,,
0099_AB_SCAT_2017,Lab,128,ANOVA,1,1,2,2,1,28,15,categorical,proximity,12cm,8.61E-01,8.69E-01,1.86E+02,1.00E-03,4.24E+00,cm,4.71E-01,Poecilia_Reticulata,Mirror_2a,,
0099_AB_SCAT_2017,Lab,129,ANOVA,1,1,2,1,1,28,15,categorical,proximity,6cm,7.65E-01,7.79E-01,9.87E+01,1.00E-03,4.24E+00,cm,4.71E-01,Poecilia_Reticulata,Proximity_conspecifics_2b,,
0099_AB_SCAT_2017,Lab,129,ANOVA,1,1,2,2,1,28,15,categorical,proximity,12cm,7.65E-01,7.79E-01,9.87E+01,1.00E-03,4.24E+00,cm,4.71E-01,Poecilia_Reticulata,Proximity_conspecifics_2b,,
0099_AB_SCAT_2017,Lab,130,ANOVA,1,1,2,1,1,28,15,categorical,proximity,6cm,9.09E-01,9.14E-01,2.99E+02,1.00E-03,4.24E+00,cm,4.71E-01,Poecilia_Reticulata,Mirror_2b,,
0099_AB_SCAT_2017,Lab,130,ANOVA,1,1,2,2,1,28,15,categorical,proximity,12cm,9.09E-01,9.14E-01,2.99E+02,1.00E-03,4.24E+00,cm,4.71E-01,Poecilia_Reticulata,Mirror_2b,,
0099_AB_SCAT_2017,Lab,131,ANOVA,1,1,2,1,1,28,15,categorical,proximity,6cm,7.98E-01,8.10E-01,1.19E+02,1.00E-03,4.24E+00,cm,4.71E-01,Poecilia_Reticulata,Proximity_conspecifics_3,,
0099_AB_SCAT_2017,Lab,131,ANOVA,1,1,2,2,1,28,15,categorical,proximity,12cm,7.98E-01,8.10E-01,1.19E+02,1.00E-03,4.24E+00,cm,4.71E-01,Poecilia_Reticulata,Proximity_conspecifics_3,,
,,,,,,,,,,,,,,,,,,,,,,Mirror_3,,
,,,,,,,,,,,,,,,,,,,,,,Mirror_3,,
